,uniqueId,mean,std,min,max,update_rate,endUseLabel,energy_no_energy,energy_yes_energy,sensor_no_sensor,sensor_yes_sensor,equipRef_Air_Equip,equipRef_Cooling,equipRef_Heating,equipRef_LEED,0,1,2,3,4,5,6,7,8,9,10,11,12,13,14,15,16,17,18,19
0,AHU-01 SF Air Systems Energy AHU1_SF_VFD_PWR(kWh),0.00013495121476424452,0.004347065899986655,0.00013406690092326054,0.00013579408637619597,0.9994341757827234,02_HEATING_COOLING_COMBINED,0.0,1.0,0.0,1.0,1.0,0.0,0.0,0.0,-1.2382425106336758e-06,0.0,-1.2382425106342264e-06,-1.2382425106342256e-06,0.0,-2.432106466753718e-07,-2.432106466753756e-07,-2.432106466753752e-07,-4.3041932979882934e-06,3.087498837506367e-06,-6.386062237873191e-06,0.0,-2.7955715973030174e-05,-2.1031167804833946e-06,0.0,2.1333961902188676e-05,-1.306885062791447e-05,0.0,-1.306885062791458e-05,-1.3068850627914585e-05
1,AHU-02 SF Air Systems Energy AHU2_SF_VFD_PWR(kWh),0.00011534905290054364,0.0040482023724696435,0.00011452487236111961,0.00011614005451298832,0.9994341757827234,02_HEATING_COOLING_COMBINED,0.0,1.0,0.0,1.0,1.0,0.0,0.0,0.0,-6.677026663388947e-07,0.0,-6.677026663388588e-07,-6.677026663388589e-07,0.0,-5.707888328015853e-07,-5.707888328015708e-07,-5.707888328015701e-07,-6.573960227779315e-06,3.8799304161142555e-06,-9.2776632991053e-06,0.0,-3.2682537564819396e-05,-5.705202575745991e-06,0.0,2.1622417120306005e-05,-1.5044034887549028e-05,0.0,-1.504403488754984e-05,-1.5044034887549843e-05
2,AHU-03 SF Air Systems Energy AHU3_SF_VFD_PWR(kWh),0.0005401070930151649,0.014232646880041087,0.0005372432346297773,0.0005429728517891287,1.0,02_HEATING_COOLING_COMBINED,0.0,1.0,0.0,1.0,1.0,0.0,0.0,0.0,-1.1604718323568414e-05,0.0,-1.1604718323569342e-05,-1.1604718323569357e-05,0.0,6.636198025020362e-06,6.636198025020473e-06,6.63619802502047e-06,2.039443854040195e-05,-1.7340338246072834e-06,2.0362018427899786e-05,0.0,-4.6756197274885884e-05,-1.1693625480482214e-05,0.0,0.00014611603171701135,-3.1844412688217186e-05,0.0,-3.184441268821791e-05,-3.184441268821793e-05
3,AHU-04 SF Air Systems Energy AHU4_SF_VFD_PWR(kWh),0.0005381536808481024,0.014068193433732995,0.0005353239185973715,0.0005409856000947665,1.0,02_HEATING_COOLING_COMBINED,0.0,1.0,0.0,1.0,1.0,0.0,0.0,0.0,-1.1449896662719011e-05,0.0,-1.1449896662720092e-05,-1.1449896662720092e-05,0.0,6.602961548524432e-06,6.6029615485244625e-06,6.602961548524458e-06,2.0598275140556377e-05,-1.9051484017602732e-06,2.0666146817951316e-05,0.0,-4.549022464392817e-05,-1.1715775178587258e-05,0.0,0.00014516998008109284,-3.090023097746918e-05,0.0,-3.090023097746988e-05,-3.0900230977469904e-05
4,AHU-05 SF Air Systems Energy AHU5_SF_VFD_PWR(kWh),0.0,0.0,0.0,0.0,1.0,02_HEATING_COOLING_COMBINED,0.0,1.0,0.0,1.0,1.0,0.0,0.0,0.0,0.0,0.0,0.0,0.0,0.0,0.0,0.0,0.0,0.0,0.0,0.0,0.0,0.0,0.0,0.0,0.0,0.0,0.0,0.0,0.0
5,AHU-06 SF Air Systems Energy AHU6_SF_VFD_PWR(kWh),4.132591623774892e-05,0.0007447865364720181,4.1244114082812716e-05,4.155537554246922e-05,1.0,02_HEATING_COOLING_COMBINED,0.0,1.0,0.0,1.0,1.0,0.0,0.0,0.0,-1.8418451704638537e-06,0.0,-1.8418451704638527e-06,-1.841845170463852e-06,0.0,1.2379880862456625e-06,1.2379880862456781e-06,1.2379880862456788e-06,4.518985607696422e-06,4.43020160587749e-06,3.8565738439862535e-06,0.0,6.241324046445991e-06,2.0317351860600783e-06,0.0,1.0683370071173717e-05,4.1314449121060724e-08,0.0,4.1314449121060546e-08,4.1314449121061604e-08
6,AHU-07 SF Air Systems Energy AHU7_SF_VFD_PWR(kWh),3.480527696660495e-05,0.0006998709897870205,3.470331458069044e-05,3.499716707693082e-05,0.9994341757827234,02_HEATING_COOLING_COMBINED,0.0,1.0,0.0,1.0,1.0,0.0,0.0,0.0,-1.7214071225106626e-06,0.0,-1.721407122510669e-06,-1.721407122510669e-06,0.0,1.0254286220983221e-06,1.0254286220983194e-06,1.0254286220983192e-06,3.76794130761666e-06,3.6947760829398826e-06,3.2138332726258574e-06,0.0,5.174735086570136e-06,1.6436038655448467e-06,0.0,9.046914579396987e-06,-1.4631486766680982e-07,0.0,-1.4631486766680995e-07,-1.463148676668099e-07
7,AHU-08 SF Air Systems Energy AHU8_SF_VFD_PWR(kWh),4.9341991506606474e-05,0.0008557561957303548,4.919431553272038e-05,4.959328168528911e-05,1.0,02_HEATING_COOLING_COMBINED,0.0,1.0,0.0,1.0,1.0,0.0,0.0,0.0,-1.8894971080772464e-06,0.0,-1.889497108077327e-06,-1.8894971080773284e-06,0.0,1.2774854713884317e-06,1.2774854713884114e-06,1.2774854713884107e-06,5.178837982418455e-06,-8.938014248374879e-07,5.554338541706072e-06,0.0,-2.7051985109095747e-06,-1.0229486634922039e-06,0.0,2.2958423239546037e-05,-1.6025510328932817e-06,0.0,-1.602551032893349e-06,-1.60255103289335e-06
8,AHU-09 RF Air Systems Energy AHU9_RF_VFD_PWR(kWh),5.4488821189885315e-05,0.0011340386737242708,5.43389414746315e-05,5.4803941759611555e-05,0.9994341757827234,02_HEATING_COOLING_COMBINED,0.0,1.0,0.0,1.0,1.0,0.0,0.0,0.0,-1.9753373934670633e-06,0.0,-1.9753373934670484e-06,-1.9753373934670506e-06,0.0,1.2714441909581298e-06,1.2714441909581059e-06,1.2714441909581067e-06,5.181260153377827e-06,-9.799839031726798e-07,5.5261005339523814e-06,0.0,-3.250807047654471e-06,-2.3458163225602595e-06,0.0,2.4588480844692553e-05,-1.9555658519076562e-06,0.0,-1.9555658519076914e-06,-1.955565851907692e-06
9,AHU-09 SF Air Systems Energy AHU9_SF_VFD_PWR(kWh),0.00018071132509029153,0.0037069111504708027,0.00018023242127170844,0.00018173736112986612,0.9994341757827234,02_HEATING_COOLING_COMBINED,0.0,1.0,0.0,1.0,1.0,0.0,0.0,0.0,-6.55606209989068e-06,0.0,-6.556062099890597e-06,-6.5560620998906006e-06,0.0,4.2809396016984066e-06,4.280939601698588e-06,4.28093960169859e-06,1.7203278800232003e-05,-3.1815531187284324e-06,1.8485322196363743e-05,0.0,-8.287368207803457e-06,-5.63212660765823e-06,0.0,7.664135179211416e-05,-5.412139082445218e-06,0.0,-5.4121390824453686e-06,-5.41213908244537e-06
10,AHU-14 SF Air Systems Energy AHU14_SF_VFD_PWR(kWh),0.00019319900156146368,0.0051589902673753055,0.00019214072459438424,0.0001942730056382684,0.9999056959637871,02_HEATING_COOLING_COMBINED,0.0,1.0,0.0,1.0,1.0,0.0,0.0,0.0,-2.909738488390689e-06,0.0,-2.9097384883909613e-06,-2.909738488390962e-06,0.0,1.3796829412405018e-06,1.3796829412405446e-06,1.3796829412405448e-06,2.6066200123750415e-06,1.075501478026953e-06,1.5684553075745089e-06,0.0,-2.4276513777150052e-05,-3.7525109703030894e-06,0.0,4.3688502459798295e-05,-1.3184477299230853e-05,0.0,-1.3184477299230885e-05,-1.3184477299230893e-05
11,AHU-15 SF Air Systems Energy AHU15_SF_VFD_PWR(kWh),0.0008998289652485135,0.025464552581203396,0.0008946770933272633,0.0009049395014970849,0.9999056959637871,02_HEATING_COOLING_COMBINED,0.0,1.0,0.0,1.0,1.0,0.0,0.0,0.0,-1.32318119410996e-05,0.0,-1.3231811941101866e-05,-1.323181194110188e-05,0.0,5.652539826969983e-06,5.652539826970013e-06,5.652539826970017e-06,6.131092976273658e-06,7.754224300448692e-06,-3.3944281446700756e-07,0.0,-0.00013075750295527984,-1.84803982895877e-05,0.0,0.0002048311499302483,-7.007936005390597e-05,0.0,-7.007936005390826e-05,-7.007936005390827e-05
12,AHU-17 SF Air Systems Energy AHU17_SF_VFD_PWR(kWh),0.00011602387027140172,0.00324145479193017,0.00011537004494015936,0.00011667723908360458,0.9997170878913615,02_HEATING_COOLING_COMBINED,0.0,1.0,0.0,1.0,1.0,0.0,0.0,0.0,-1.7203320948350902e-06,0.0,-1.72033209483522e-06,-1.7203320948352234e-06,0.0,7.440042302461812e-07,7.440042302461853e-07,7.440042302461856e-07,8.742319179270248e-07,9.518212028309828e-07,6.856562777944022e-08,0.0,-1.654093914740772e-05,-2.361175822594094e-06,0.0,2.626919561702529e-05,-8.88472104034483e-06,0.0,-8.884721040345132e-06,-8.884721040345135e-06
13,AHU-18 RF Air Systems Energy AHU18_RF_VFD_PWR(kWh),0.0,0.0,0.0,0.0,0.9997170878913615,02_HEATING_COOLING_COMBINED,0.0,1.0,0.0,1.0,1.0,0.0,0.0,0.0,0.0,0.0,0.0,0.0,0.0,0.0,0.0,0.0,0.0,0.0,0.0,0.0,0.0,0.0,0.0,0.0,0.0,0.0,0.0,0.0
14,AHU-18 SF Air Systems Energy AHU18_SF_VFD_PWR(kWh),0.0,0.0,0.0,0.0,0.9997170878913615,02_HEATING_COOLING_COMBINED,0.0,1.0,0.0,1.0,1.0,0.0,0.0,0.0,0.0,0.0,0.0,0.0,0.0,0.0,0.0,0.0,0.0,0.0,0.0,0.0,0.0,0.0,0.0,0.0,0.0,0.0,0.0,0.0
15,EF-22 Air Systems Energy EF_22_VFD_PWR(kWh),1.4264944735179819e-05,0.0003985879737926873,1.4184550826506969e-05,1.4345275462157086e-05,0.9997170878913615,02_HEATING_COOLING_COMBINED,0.0,1.0,0.0,1.0,1.0,0.0,0.0,0.0,-2.1183488043396519e-07,0.0,-2.1183488043397752e-07,-2.1183488043397757e-07,0.0,9.180260858148681e-08,9.18026085814874e-08,9.180260858148743e-08,1.0961673232772228e-07,1.1635553897168612e-07,1.0938063355803613e-08,0.0,-2.0312109231600274e-06,-2.9024595180094305e-07,0.0,3.2342512320578195e-06,-1.090988064990484e-06,0.0,-1.0909880649905071e-06,-1.0909880649905078e-06
16,Heating Plant HX-1 P-HX1A Hydronic Systems Energy HX1_PHX1A_VFD_PWR(kWh),0.00029947642735549915,0.007506745362425101,0.00029804509612130193,0.00030096894889884213,0.9997170878913615,00_HEATING_SPACE_AND_WATER,0.0,1.0,0.0,1.0,0.0,0.0,1.0,0.0,-3.365206314503683e-06,0.0,-3.3652063145044177e-06,-3.3652063145044172e-06,0.0,3.8089751695418786e-06,3.8089751695418664e-06,3.8089751695418655e-06,1.057163985786739e-05,2.9963053118682125e-06,1.0267265393675535e-05,0.0,-1.191177584657361e-05,-8.702333800515968e-06,0.0,6.748929920067506e-05,-1.5616269586584495e-05,0.0,-1.561626958658495e-05,-1.5616269586584953e-05
17,Heating Plant HX-1 P-HX1B Hydronic Systems Energy HX1_PHX1B_VFD_PWR(kWh),0.0,0.0,0.0,0.0,0.9997170878913615,00_HEATING_SPACE_AND_WATER,0.0,1.0,0.0,1.0,0.0,0.0,1.0,0.0,0.0,0.0,0.0,0.0,0.0,0.0,0.0,0.0,0.0,0.0,0.0,0.0,0.0,0.0,0.0,0.0,0.0,0.0,0.0,0.0
18,Heating Plant HX-3 P-HX3A Hydronic Systems Energy HX3_PHX3A_VFD_PWR(kWh),2.3932601814698696e-05,0.0006580394034010093,2.3803112865200705e-05,2.4062008535122944e-05,0.9999056959637871,00_HEATING_SPACE_AND_WATER,0.0,1.0,0.0,1.0,0.0,0.0,1.0,0.0,-2.0222769939526265e-07,0.0,-2.0222769939538174e-07,-2.022276993953824e-07,0.0,2.3975487390173625e-07,2.397548739017289e-07,2.397548739017289e-07,4.786397035767787e-07,3.7022307409469783e-07,3.8579493004212814e-07,0.0,-1.4461232032643395e-06,-6.934448736196755e-07,0.0,4.731302415234851e-06,-1.524138871286848e-06,0.0,-1.5241388712868962e-06,-1.5241388712868969e-06
19,Heating Plant HX-3 P-HX3B Hydronic Systems Energy HX3_PHX3B_VFD_PWR(kWh),2.1415369127223515e-05,0.0006351033160857286,2.129083182788837e-05,2.154127877910555e-05,0.9999056959637871,00_HEATING_SPACE_AND_WATER,0.0,1.0,0.0,1.0,0.0,0.0,1.0,0.0,-4.517216111251095e-07,0.0,-4.517216111252201e-07,-4.5172161112522095e-07,0.0,1.109012821838902e-07,1.109012821838899e-07,1.1090128218388993e-07,3.775308516345282e-07,-1.6918328980661243e-07,2.6730679193223497e-07,0.0,-3.961800252955965e-06,-1.2102014858530762e-07,0.0,6.048430821172691e-06,-1.3446865320702536e-06,0.0,-1.3446865320702924e-06,-1.344686532070293e-06
20,Heating Plant P-4A Hydronic Systems Energy HTREJ_P4A_VFD_PWR(kWh),0.0007396840383220373,0.024644520493105396,0.0007346551384791673,0.0007447667835420444,0.9999056959637871,00_HEATING_SPACE_AND_WATER,0.0,1.0,0.0,1.0,0.0,0.0,1.0,0.0,1.8495838103804141e-06,0.0,1.8495838103813636e-06,1.8495838103813658e-06,0.0,-1.2377067468193374e-06,-1.2377067468184476e-06,-1.237706746818455e-06,2.4716512594634245e-05,1.7280684883163644e-05,-6.117021585726765e-05,0.0,-0.0006782807681745578,0.00016092352989689613,0.0,0.0005350079914778509,-6.85111613437089e-05,0.0,-6.851116134369541e-05,-6.851116134369541e-05
21,Heating Plant P-4B Hydronic Systems Energy HTREJ_P4B_VFD_PWR(kWh),0.0007459757674423758,0.023817307579101814,0.0007411640804557911,0.0007508423055209699,0.9999056959637871,00_HEATING_SPACE_AND_WATER,0.0,1.0,0.0,1.0,0.0,0.0,1.0,0.0,-8.345593184584205e-06,0.0,-8.345593184586509e-06,-8.345593184586519e-06,0.0,2.704027096204773e-07,2.704027096203408e-07,2.704027096203376e-07,-2.2193902113361943e-05,1.9275771266701784e-05,-3.3810739765963313e-05,0.0,-0.00014474284915488882,2.8292885969057792e-06,0.0,9.909092436121457e-05,-7.116597181889649e-05,0.0,-7.116597181889867e-05,-7.11659718188987e-05
22,Heating Plant P-4C Hydronic Systems Energy HTREJ_P4C_VFD_PWR(kWh),0.0007827174700869746,0.022986331093311368,0.0007780610304996864,0.0007875500955609453,0.9999056959637871,00_HEATING_SPACE_AND_WATER,0.0,1.0,0.0,1.0,0.0,0.0,1.0,0.0,-4.847305794709501e-06,0.0,-4.847305794711248e-06,-4.847305794711257e-06,0.0,-1.0295610620797133e-06,-1.0295610620798899e-06,-1.0295610620798928e-06,-2.4433987048331833e-05,1.9243365963015065e-05,-3.5494128833170494e-05,0.0,-0.00012614905282848086,-6.049586638878425e-05,0.0,0.00012713697442944406,-6.967393258324401e-05,0.0,-6.967393258324595e-05,-6.967393258324599e-05
23,Heating Plant P-8A Hydronic Systems Energy HTREJ_P8A_VFD_PWR(kWh),0.0002876601850652284,0.007016764946618174,0.0002864885062797236,0.00028900224714105833,0.9999056959637871,00_HEATING_SPACE_AND_WATER,0.0,1.0,0.0,1.0,0.0,0.0,1.0,0.0,-4.565377633973356e-06,0.0,-4.5653776339739354e-06,-4.56537763397394e-06,0.0,4.925410923095211e-06,4.925410923095148e-06,4.925410923095149e-06,1.760051068483876e-05,5.683309181044354e-07,1.8649349792958146e-05,0.0,-3.619396091688848e-06,-7.73105045691664e-06,0.0,8.11616534478014e-05,-9.09942595465212e-06,0.0,-9.099425954652054e-06,-9.099425954651392e-06
24,Heating Plant P-8B Hydronic Systems Energy HTREJ_P8B_VFD_PWR(kWh),0.00023763105704366534,0.006557689549030083,0.00023647689610722285,0.00023890878888008728,0.9999056959637871,00_HEATING_SPACE_AND_WATER,0.0,1.0,0.0,1.0,0.0,0.0,1.0,0.0,-6.850040876809596e-06,0.0,-6.850040876809298e-06,-6.8500408768093045e-06,0.0,3.064045771892722e-06,3.0640457718926765e-06,3.0640457718926765e-06,1.4229724757556018e-05,-5.064428406572803e-06,1.4740347079194762e-05,0.0,-3.4919040183837e-05,-1.8665368450763185e-06,0.0,9.247179311902558e-05,-9.728712481821746e-06,0.0,-9.728712481821878e-06,-9.72871248182188e-06
25,Rm 4202 EF-26 Floor 4 Energy EF_26_VFD_PWR(kWh),2.419873680397621e-05,0.0006969220007467984,2.4057941037816356e-05,2.4339007558878604e-05,1.0,02_HEATING_COOLING_COMBINED,0.0,1.0,0.0,1.0,1.0,0.0,0.0,0.0,-3.861616046724118e-07,0.0,-3.861616046724133e-07,-3.8616160467241266e-07,0.0,1.7783331445804596e-07,1.778333144580461e-07,1.7783331445804614e-07,2.5563580718963963e-07,1.8719300670398054e-07,8.381802114269024e-08,0.0,-3.6108803855110958e-06,-5.514943580300228e-07,0.0,5.978802499096872e-06,-1.9147710478837374e-06,0.0,-1.9147710478837467e-06,-1.9147710478837476e-06
26,Rm 4202A EF-25 Floor 4 Energy EF_25_VFD_PWR(kWh),2.3753188436431455e-05,0.0006676939542769961,2.361848449619938e-05,2.388732828617989e-05,1.0,02_HEATING_COOLING_COMBINED,0.0,1.0,0.0,1.0,1.0,0.0,0.0,0.0,-3.5441271262717067e-07,0.0,-3.544127126272315e-07,-3.5441271262723176e-07,0.0,1.544062555584184e-07,1.5440625555841985e-07,1.544062555584199e-07,1.905232017805031e-07,1.9141231294460523e-07,2.750941106962016e-08,0.0,-3.3752463123499124e-06,-4.837315646261738e-07,0.0,5.406006804361313e-06,-1.8129441279887095e-06,0.0,-1.8129441279886904e-06,-1.8129441279886907e-06
27,Rm 4312A EF-32 Floor 4 Energy EF_32_VFD_PWR(kWh),2.852848529975363e-05,0.0007973701957130012,2.8367677976219732e-05,2.8689137131015608e-05,0.9999056959637871,02_HEATING_COOLING_COMBINED,0.0,1.0,0.0,1.0,1.0,0.0,0.0,0.0,-4.236688912784636e-07,0.0,-4.2366889127845677e-07,-4.2366889127845677e-07,0.0,1.8360530162066055e-07,1.8360530162066148e-07,1.8360530162066163e-07,2.192324617455965e-07,2.3269683265074477e-07,2.188008256785332e-08,0.0,-4.062408005837535e-06,-5.804286971705427e-07,0.0,6.468429339255299e-06,-2.1819775973378187e-06,0.0,-2.1819775973378696e-06,-2.1819775973378704e-06
28,Rm 5206B EF-23 Floor 5 Energy EF_23_VFD_PWR(kWh),2.1021015010552044e-05,0.0005484420128252252,2.0910329715542806e-05,2.1131291686679047e-05,1.0,02_HEATING_COOLING_COMBINED,0.0,1.0,0.0,1.0,1.0,0.0,0.0,0.0,-3.85741638937554e-07,0.0,-3.857416389375252e-07,-3.8574163893752584e-07,0.0,1.5218348668919137e-07,1.5218348668919238e-07,1.5218348668919246e-07,1.4407268059094093e-07,2.587437301418585e-07,-5.6083389372924335e-08,0.0,-4.000606979456515e-06,-4.586490917781458e-07,0.0,5.989565008064283e-06,-2.059918636840622e-06,0.0,-2.0599186368406516e-06,-2.059918636840652e-06
29,Rm 5206C EF-24 Floor 4 Energy EF_24_VFD_PWR(kWh),1.900768106234414e-05,0.0005342272369313466,1.889991250794027e-05,1.9115024255280875e-05,1.0,02_HEATING_COOLING_COMBINED,0.0,1.0,0.0,1.0,1.0,0.0,0.0,0.0,-2.835377470337982e-07,0.0,-2.835377470337403e-07,-2.835377470337409e-07,0.0,1.235328173524663e-07,1.2353281735246743e-07,1.2353281735246753e-07,1.5246194586231177e-07,1.531156503513455e-07,2.205909265242752e-08,0.0,-2.7001424071030267e-06,-3.8698278491204344e-07,0.0,4.3248907268254975e-06,-1.4503253908495617e-06,0.0,-1.4503253908496049e-06,-1.4503253908496891e-06
30,Rm 6203G EF-13 Floor 6 Energy EF_13_VFD_PWR(kWh),4.751796622525329e-06,0.00013355453291236566,4.724854641370122e-06,4.7786308820325696e-06,1.0,02_HEATING_COOLING_COMBINED,0.0,1.0,0.0,1.0,1.0,0.0,0.0,0.0,-7.088642168879309e-08,0.0,-7.088642168879819e-08,-7.088642168879827e-08,0.0,3.088538661005607e-08,3.08853866100563e-08,3.088538661005633e-08,3.8121008220781894e-08,3.82545743961616e-08,5.532232130752006e-09,0.0,-6.749476776213926e-07,-9.66509359659417e-08,0.0,1.080995642804134e-06,-3.625399640895371e-07,0.0,-3.625399640895567e-07,-3.6253996408955673e-07
31,Rm 6206B EF-11 Floor 6 Energy EF_11_VFD_PWR(kWh),2.8024111969359485e-05,0.0007900937663613664,2.786483795785519e-05,2.8182846951774886e-05,0.9999056959637871,02_HEATING_COOLING_COMBINED,0.0,1.0,0.0,1.0,1.0,0.0,0.0,0.0,-4.036693752681227e-07,0.0,-4.036693752682111e-07,-4.036693752682113e-07,0.0,1.6292118533371392e-07,1.629211853337151e-07,1.629211853337153e-07,1.040525801195315e-07,2.7036748069281506e-07,-1.1486002057308186e-07,0.0,-4.206659414128907e-06,-5.869371154862262e-07,0.0,6.24092033944018e-06,-2.2610765233170918e-06,0.0,-2.2610765233170926e-06,-2.261076523317092e-06
32,Rm 6206D EF-12 Floor 6 Energy EF_12_VFD_PWR(kWh),1.876781147996036e-05,0.0003160502138768343,1.8705324298404524e-05,1.8829900911013246e-05,1.0,02_HEATING_COOLING_COMBINED,0.0,1.0,0.0,1.0,1.0,0.0,0.0,0.0,-1.8865060054789137e-07,0.0,-1.8865060054789277e-07,-1.8865060054789267e-07,0.0,1.773001543779922e-07,1.7730015437799288e-07,1.7730015437799296e-07,7.50444113915366e-07,7.27593201406179e-07,6.405342544364548e-07,0.0,9.81388850610495e-07,1.7285693881539636e-07,0.0,1.82633648224678e-06,3.749124274721525e-07,0.0,3.749124274721529e-07,3.7491242747215287e-07
33,Rm B409B EF-33 Floor 0 Energy EF_33_VFD_PWR(kWh),7.132069330559712e-05,0.001993376520803228,7.091868569663677e-05,7.172231304167414e-05,1.0,02_HEATING_COOLING_COMBINED,0.0,1.0,0.0,1.0,1.0,0.0,0.0,0.0,-1.059172776430264e-06,0.0,-1.0591727764304237e-06,-1.0591727764304256e-06,0.0,4.590132959962191e-07,4.59013295996221e-07,4.5901329599622136e-07,5.480818820554845e-07,5.81743719938878e-07,5.470084836866416e-08,0.0,-1.015603622120134e-05,-1.4510700217805855e-06,0.0,1.617108798319764e-05,-5.454943753395263e-06,0.0,-5.4549437533954414e-06,-5.4549437533954414e-06
34,Rm B503 EF-34 Floor 0 Energy EF_34_VFD_PWR(kWh),6.656597926339718e-05,0.001860484735002751,6.61907714122863e-05,6.694082409277382e-05,1.0,02_HEATING_COOLING_COMBINED,0.0,1.0,0.0,1.0,1.0,0.0,0.0,0.0,-9.885608636713748e-07,0.0,-9.885608636712026e-07,-9.885608636712016e-07,0.0,4.284123780380218e-07,4.2841237803802474e-07,4.2841237803802496e-07,5.115431430863022e-07,5.429607322026867e-07,5.105417274629207e-08,0.0,-9.478967253512145e-06,-1.3543319277794744e-06,0.0,1.5093015426370768e-05,-5.0912807459500845e-06,0.0,-5.091280745950266e-06,-5.091280745950268e-06
35,Rm B605 EF-35 Floor 0 Energy EF_35_VFD_PWR(kWh),7.132121853390125e-05,0.0019934256284349426,7.091920058687615e-05,7.172284832968817e-05,0.9999056959637871,02_HEATING_COOLING_COMBINED,0.0,1.0,0.0,1.0,1.0,0.0,0.0,0.0,-1.0591725073180626e-06,0.0,-1.0591725073183284e-06,-1.0591725073183294e-06,0.0,4.5901301766042425e-07,4.590130176604258e-07,4.5901301766042615e-07,5.480808744080176e-07,5.817425518849395e-07,5.470019905855711e-08,0.0,-1.0156020423579827e-05,-1.45107196541844e-06,0.0,1.6171074835978036e-05,-5.454944283053383e-06,0.0,-5.454944283053585e-06,-5.4549442830535866e-06
36,LEF-2 EF-2A Air Systems Energy EF2_F1_VFD_PWR(kWh),0.0004581305793083658,0.012112870773155551,0.0004556898437299247,0.00046057107114870076,0.9225763862693321,05_OTHER,0.0,1.0,0.0,1.0,1.0,0.0,0.0,0.0,-3.740685640102737e-06,0.0,-3.740685640100812e-06,-3.740685640100821e-06,0.0,1.1798692744226068e-10,1.1798692715352057e-10,1.179869271490585e-10,-1.2207681260903108e-05,8.701171072962557e-06,-1.8170520341397374e-05,0.0,-8.159354137616043e-05,-9.54041332209595e-06,0.0,6.785891548876653e-05,-4.3840958882992255e-05,0.0,-4.384095888299233e-05,-4.384095888299232e-05
37,LEF-2 EF-2B Air Systems Energy EF2_F2_VFD_PWR(kWh),0.00040186893395209453,0.010625327575683555,0.0003997279383656009,0.0004040097183837824,0.9225763862693321,05_OTHER,0.0,1.0,0.0,1.0,1.0,0.0,0.0,0.0,-3.281302579505408e-06,0.0,-3.2813025795041853e-06,-3.2813025795041963e-06,0.0,1.0455864345982202e-10,1.045586434066183e-10,1.0455864340659256e-10,-1.070849393292971e-05,7.632608680532691e-06,-1.5939053495837908e-05,0.0,-7.1573277996042e-05,-8.368787126864646e-06,0.0,5.9525364836079916e-05,-3.8456981811291744e-05,0.0,-3.84569818112911e-05,-3.845698181129107e-05
38,LEF-2 EF-2C Air Systems Energy EF2_F3_VFD_PWR(kWh),0.00039182219634917916,0.010359693111102335,0.0003897347252987326,0.00039390946198377536,0.9225763862693321,05_OTHER,0.0,1.0,0.0,1.0,1.0,0.0,0.0,0.0,-3.1992726455676122e-06,0.0,-3.199272645566711e-06,-3.199272645566726e-06,0.0,1.015116685885942e-10,1.015116682347324e-10,1.0151166823223768e-10,-1.0440780775628118e-05,7.441792883750462e-06,-1.5540576421320106e-05,0.0,-6.97839493100851e-05,-8.159560596686034e-06,0.0,5.803722566974745e-05,-3.7495555820104344e-05,0.0,-3.749555582010412e-05,-3.74955558201041e-05
39,LEF-3 EF-3A Air Systems Energy EF3_F1_VFD_PWR(kWh),0.0005853150155344192,0.01603141699217724,0.0005820763046865268,0.0005885551278664288,0.9227649943417575,05_OTHER,0.0,1.0,0.0,1.0,1.0,0.0,0.0,0.0,-5.036703354135792e-06,0.0,-5.036703354134729e-06,-5.0367033541347575e-06,0.0,-1.0030316329015273e-07,-1.003031632905489e-07,-1.0030316329055287e-07,-1.7106048872624977e-05,1.194683718084352e-05,-2.5254641418025402e-05,0.0,-0.00011049887117643183,-1.3164920339843098e-05,0.0,9.019331131862216e-05,-5.972822992537671e-05,0.0,-5.972822992537486e-05,-5.9728229925374836e-05
40,LEF-3 EF-3B Air Systems Energy EF3_F2_VFD_PWR(kWh),0.0005722304878760208,0.01566873482428533,0.0005690650437490064,0.0005753974469943295,0.9227649943417575,05_OTHER,0.0,1.0,0.0,1.0,1.0,0.0,0.0,0.0,-4.9142217052567735e-06,0.0,-4.914221705255665e-06,-4.914221705255688e-06,0.0,-1.0467454732299446e-07,-1.0467454732320977e-07,-1.0467454732320946e-07,-1.6742815389308715e-05,1.1681921964518094e-05,-2.4709733275569327e-05,0.0,-0.00010800780258982454,-1.2855251038432751e-05,0.0,8.807047264254855e-05,-5.837433364195382e-05,0.0,-5.837433364195325e-05,-5.837433364195323e-05
41,LEF-3 EF-3C Air Systems Energy EF3_F3_VFD_PWR(kWh),0.000634370506298769,0.0173736800251814,0.0006308599678663019,0.0006378826955148717,0.9227649943417575,05_OTHER,0.0,1.0,0.0,1.0,1.0,0.0,0.0,0.0,-5.359365007957345e-06,0.0,-5.359365007957305e-06,-5.359365007957323e-06,0.0,-1.7312388455671395e-07,-1.7312388455708834e-07,-1.7312388455708797e-07,-1.8789309186791064e-05,1.300105253107696e-05,-2.764793816780164e-05,0.0,-0.00011973168782153693,-1.4223881871550608e-05,0.0,9.675621412691728e-05,-6.46657048125633e-05,0.0,-6.46657048125605e-05,-6.466570481256048e-05
42,AHU-10 RF Air Systems Energy AHU10_RF_VFD_PWR(kWh)_TL,0.0,0.0,0.0,0.0,0.1656921916258016,02_HEATING_COOLING_COMBINED,0.0,1.0,0.0,1.0,1.0,0.0,0.0,0.0,0.0,0.0,0.0,0.0,0.0,0.0,0.0,0.0,0.0,0.0,0.0,0.0,0.0,0.0,0.0,0.0,0.0,0.0,0.0,0.0
43,AHU-10 SF Air Systems Energy AHU10_SF_VFD_PWR(kWh)_TL,0.0001277344859582023,0.00034720463736554125,0.0001276598615779403,0.00012777305589289388,0.1656921916258016,02_HEATING_COOLING_COMBINED,0.0,1.0,0.0,1.0,1.0,0.0,0.0,0.0,0.0,0.0,0.0,0.0,0.0,0.0,0.0,0.0,0.0,0.0,0.0,0.0,0.0,0.0,0.0,0.0,0.0,0.0,0.0,0.0
44,AHU-13 Air Systems Energy AHU13_SF_VFD_PWR(kWh)_TL,0.00040385342686154456,0.006409539763048412,0.0004025865746080079,0.00040512255978524003,0.1656921916258016,02_HEATING_COOLING_COMBINED,0.0,1.0,0.0,1.0,1.0,0.0,0.0,0.0,0.0,0.0,0.0,0.0,0.0,0.0,0.0,0.0,0.0,0.0,0.0,0.0,0.0,0.0,0.0,0.0,0.0,0.0,0.0,0.0
45,AHU-16 Air Systems Energy AHU16_SF_VFD_PWR(kWh),0.0014278983681173156,0.025753516094581153,0.001422773386514148,0.0014330205500641786,0.23868351565446996,02_HEATING_COOLING_COMBINED,0.0,1.0,0.0,1.0,1.0,0.0,0.0,0.0,0.0,0.0,0.0,0.0,0.0,0.0,0.0,0.0,0.0,0.0,0.0,0.0,0.0,0.0,0.0,0.0,0.0,0.0,0.0,0.0
46,CT-1A Hydronic Systems Energy CT1A_VFD_PWR(kWh),1.1748777646778162e-05,0.0005289855176698084,1.1615738415720701e-05,1.1880630930023983e-05,0.31780460203696714,01_SPACE_COOLING,0.0,1.0,0.0,1.0,0.0,1.0,0.0,0.0,0.0,0.0,0.0,0.0,0.0,1.3666750059895063e-07,1.3666750059895121e-07,1.3666750059895145e-07,-2.669130077612458e-06,-3.506666496298053e-06,-2.093761072157915e-06,0.0,-3.4796088020247656e-06,-2.778234935957631e-06,0.0,-3.880253571713644e-06,0.0,0.0,0.0,0.0
47,CT-1B Hydronic Systems Energy CT1B_VFD_PWR(kWh),1.0727897993736388e-05,0.0006210379302227266,1.0591023371985156e-05,1.0874952573218675e-05,0.31780460203696714,01_SPACE_COOLING,0.0,1.0,0.0,1.0,0.0,1.0,0.0,0.0,0.0,0.0,0.0,0.0,0.0,1.783944128877462e-07,1.7839441288774724e-07,1.783944128877468e-07,-3.1646316365766094e-06,-4.154941127415319e-06,-2.4828729949832368e-06,0.0,-4.148103656896369e-06,-3.329440873983633e-06,0.0,-4.620685409006429e-06,0.0,0.0,0.0,0.0
48,CT-1C Hydronic Systems Energy CT1C_VFD_PWR(kWh),1.3220218512815549e-05,0.0009105827491990283,1.3000191877700006e-05,1.3442557891365403e-05,0.31780460203696714,01_SPACE_COOLING,0.0,1.0,0.0,1.0,0.0,1.0,0.0,0.0,0.0,0.0,0.0,0.0,0.0,1.6582518382185129e-07,1.6582518382185107e-07,1.658251838218506e-07,-3.82805225870232e-06,-5.031452033371767e-06,-3.0029774439368937e-06,0.0,-4.929968611831868e-06,-3.9269743786461005e-06,0.0,-5.497605158986159e-06,0.0,0.0,0.0,0.0
49,Cooling Plant P-5A Hydronic Systems Energy CHWP_P5A_VFD_PWR(kWh)_TL,0.00040317004088446194,0.005853202441918204,0.0004020265145846783,0.00040431773789178474,0.16578649566201434,01_SPACE_COOLING,0.0,1.0,0.0,1.0,0.0,1.0,0.0,0.0,0.0,0.0,0.0,0.0,0.0,0.0,0.0,0.0,0.0,0.0,0.0,0.0,0.0,0.0,0.0,0.0,0.0,0.0,0.0,0.0
50,Cooling Plant P-5B Hydronic Systems Energy CHWP_P5B_VFD_PWR(kWh)_TL,0.00044191661212471375,0.007657240111956048,0.00044040666091121954,0.0004434346861834432,0.16578649566201434,01_SPACE_COOLING,0.0,1.0,0.0,1.0,0.0,1.0,0.0,0.0,0.0,0.0,0.0,0.0,0.0,0.0,0.0,0.0,0.0,0.0,0.0,0.0,0.0,0.0,0.0,0.0,0.0,0.0,0.0,0.0
51,Cooling Plant P-5C Hydronic Systems Energy CHWP_P5C_VFD_PWR(kWh)_TL,0.0003596319999572969,0.006396048626118427,0.00035837229961374536,0.00036090352509677046,0.16578649566201434,01_SPACE_COOLING,0.0,1.0,0.0,1.0,0.0,1.0,0.0,0.0,0.0,0.0,0.0,0.0,0.0,0.0,0.0,0.0,0.0,0.0,0.0,0.0,0.0,0.0,0.0,0.0,0.0,0.0,0.0,0.0
52,Cooling Plant P-7A Hydronic Systems Energy CHWP_P7A_VFD_PWR(kWh)_TL,0.0005431627745516035,0.009950229133059419,0.0005411749204864856,0.0005450616165397462,0.16578649566201434,01_SPACE_COOLING,0.0,1.0,0.0,1.0,0.0,1.0,0.0,0.0,0.0,0.0,0.0,0.0,0.0,0.0,0.0,0.0,0.0,0.0,0.0,0.0,0.0,0.0,0.0,0.0,0.0,0.0,0.0,0.0
53,Cooling Plant P-7B Hydronic Systems Energy CHWP_P7B_VFD_PWR(kWh)_TL,0.0005627248984637523,0.009555117902377855,0.0005608881875195683,0.0005646481723033936,0.16578649566201434,01_SPACE_COOLING,0.0,1.0,0.0,1.0,0.0,1.0,0.0,0.0,0.0,0.0,0.0,0.0,0.0,0.0,0.0,0.0,0.0,0.0,0.0,0.0,0.0,0.0,0.0,0.0,0.0,0.0,0.0,0.0
54,Cooling Plant P-9A Hydronic Systems Energy CHWP_P9A_VFD_PWR(kWh)_TL,6.424156568786841e-05,0.0017438592345359984,6.390309226517593e-05,6.459737147059367e-05,0.16578649566201434,01_SPACE_COOLING,0.0,1.0,0.0,1.0,0.0,1.0,0.0,0.0,0.0,0.0,0.0,0.0,0.0,0.0,0.0,0.0,0.0,0.0,0.0,0.0,0.0,0.0,0.0,0.0,0.0,0.0,0.0,0.0
55,Cooling Plant P-9B Hydronic Systems Energy CHWP_P9B_VFD_PWR(kWh)_TL,6.0945065381848854e-05,0.0016961815734353508,6.06039157282846e-05,6.127358359210163e-05,0.16578649566201434,01_SPACE_COOLING,0.0,1.0,0.0,1.0,0.0,1.0,0.0,0.0,0.0,0.0,0.0,0.0,0.0,0.0,0.0,0.0,0.0,0.0,0.0,0.0,0.0,0.0,0.0,0.0,0.0,0.0,0.0,0.0
56,EF-27 Air Systems Energy EF_27_VFD_PWR(kWh),2.2012819280028414e-05,0.0003970223379785402,2.1933811368881453e-05,2.2091784232426786e-05,0.23868351565446996,02_HEATING_COOLING_COMBINED,0.0,1.0,0.0,1.0,1.0,0.0,0.0,0.0,0.0,0.0,0.0,0.0,0.0,0.0,0.0,0.0,0.0,0.0,0.0,0.0,0.0,0.0,0.0,0.0,0.0,0.0,0.0,0.0
57,Elec Submeters LEED-2N1PC3 Utilities 2N1PC3_EnergyPosSum 2N1PC3_EnergyPosSum,0.0030284959528045032,0.0,0.003028937264694145,0.0030280565905772957,9.430403621277228e-05,05_OTHER,1.0,0.0,1.0,0.0,0.0,0.0,0.0,1.0,0.0,0.0,0.0,0.0,0.0,0.0,0.0,0.0,0.0,0.0,0.0,0.0,0.0,0.0,0.0,0.0,0.0,0.0,0.0,0.0
58,Elec Submeters LEED-2N1PC3 Utilities 2N1PC3_EnergyPosSumNR 2N1PC3_EnergyPosSumNR,0.00302958193803459,0.0,0.0030300234081738053,0.003029142418256936,9.430403621277228e-05,05_OTHER,1.0,0.0,1.0,0.0,0.0,0.0,0.0,1.0,0.0,0.0,0.0,0.0,0.0,0.0,0.0,0.0,0.0,0.0,0.0,0.0,0.0,0.0,0.0,0.0,0.0,0.0,0.0,0.0
59,Elec Submeters LEED-6DCLA Utilities 6DCLA_EnergyPosSum 6DCLA_EnergyPosSum,0.0006391829868168915,0.0006867904433206496,0.0006391579769803695,0.0006392457456807694,0.00018860807242548905,03_LIGHTING_NORMAL,1.0,0.0,1.0,0.0,0.0,0.0,0.0,1.0,0.0,0.0,0.0,0.0,0.0,0.0,0.0,0.0,0.0,0.0,0.0,0.0,0.0,0.0,0.0,0.0,0.0,0.0,0.0,0.0
60,Elec Submeters LEED-6DCLA Utilities 6DCLA_EnergyPosSumNR 6DCLA_EnergyPosSumNR,0.0006391829149803578,0.0006866657707789135,0.0006391579403753333,0.0006392456953809515,0.00018860807242548905,03_LIGHTING_NORMAL,1.0,0.0,1.0,0.0,0.0,0.0,0.0,1.0,0.0,0.0,0.0,0.0,0.0,0.0,0.0,0.0,0.0,0.0,0.0,0.0,0.0,0.0,0.0,0.0,0.0,0.0,0.0,0.0
61,Elec Submeters LEED-6DCMA Utilities 6DCMA_EnergyPosSum 6DCMA_EnergyPosSum,0.0062804771821975275,0.0050031474772990565,0.006280371914309915,0.0062805847451495155,9.430403621277228e-05,05_OTHER,1.0,0.0,1.0,0.0,0.0,0.0,0.0,1.0,0.0,0.0,0.0,0.0,0.0,0.0,0.0,0.0,0.0,0.0,0.0,0.0,0.0,0.0,0.0,0.0,0.0,0.0,0.0,0.0
62,Elec Submeters LEED-6DCMA Utilities 6DCMA_EnergyPosSumNR 6DCMA_EnergyPosSumNR,0.006280481538119752,0.005001756719099191,0.00628037655179282,0.006280588802648988,0.00018860807242548905,05_OTHER,1.0,0.0,1.0,0.0,0.0,0.0,0.0,1.0,0.0,0.0,0.0,0.0,0.0,0.0,0.0,0.0,0.0,0.0,0.0,0.0,0.0,0.0,0.0,0.0,0.0,0.0,0.0,0.0
63,Elec Submeters LEED-6EBLW1 Utilities 6EBLW1_EnergyPosSum 6EBLW1_EnergyPosSum,0.01370758870842941,0.011046665390563325,0.013707360185268707,0.013707845214266004,0.00018860807242548905,04_LIGHTING_EMERGENCY,1.0,0.0,1.0,0.0,0.0,0.0,0.0,1.0,0.0,0.0,0.0,0.0,0.0,0.0,0.0,0.0,0.0,0.0,0.0,0.0,0.0,0.0,0.0,0.0,0.0,0.0,0.0,0.0
64,Elec Submeters LEED-6EBLW1 Utilities 6EBLW1_EnergyPosSumNR 6EBLW1_EnergyPosSumNR,0.013707587240411455,0.011046704387326337,0.013707358413858714,0.013707843536364568,0.00018860807242548905,04_LIGHTING_EMERGENCY,1.0,0.0,1.0,0.0,0.0,0.0,0.0,1.0,0.0,0.0,0.0,0.0,0.0,0.0,0.0,0.0,0.0,0.0,0.0,0.0,0.0,0.0,0.0,0.0,0.0,0.0,0.0,0.0
65,Elec Submeters LEED-6ETLC1 Utilities 6ETLC1_EnergyPosSum 6ETLC1_EnergyPosSum,0.021359332997647668,0.017177980895435478,0.021358943427933184,0.021359736418906095,9.430403621277228e-05,04_LIGHTING_EMERGENCY,1.0,0.0,1.0,0.0,0.0,0.0,0.0,1.0,0.0,0.0,0.0,0.0,0.0,0.0,0.0,0.0,0.0,0.0,0.0,0.0,0.0,0.0,0.0,0.0,0.0,0.0,0.0,0.0
66,Elec Submeters LEED-6ETLC1 Utilities 6ETLC1_EnergyPosSumNR 6ETLC1_EnergyPosSumNR,0.021359347934888934,0.01717377580320666,0.021358958656965715,0.021359750645546155,0.00018860807242548905,04_LIGHTING_EMERGENCY,1.0,0.0,1.0,0.0,0.0,0.0,0.0,1.0,0.0,0.0,0.0,0.0,0.0,0.0,0.0,0.0,0.0,0.0,0.0,0.0,0.0,0.0,0.0,0.0,0.0,0.0,0.0,0.0
67,Elec Submeters LEED-6ETLE1 Utilities 6ETLE1_EnergyPosSum 6ETLE1_EnergyPosSum,0.04145980720101824,0.032611986591492455,0.04145919379639942,0.041460432082824815,0.00018860807242548905,04_LIGHTING_EMERGENCY,1.0,0.0,1.0,0.0,0.0,0.0,0.0,1.0,0.0,0.0,0.0,0.0,0.0,0.0,0.0,0.0,0.0,0.0,0.0,0.0,0.0,0.0,0.0,0.0,0.0,0.0,0.0,0.0
68,Elec Submeters LEED-6ETLE1 Utilities 6ETLE1_EnergyPosSumNR 6ETLE1_EnergyPosSumNR,0.04145964528563942,0.03260066373051643,0.04145903491133995,0.0414602683065512,9.430403621277228e-05,04_LIGHTING_EMERGENCY,1.0,0.0,1.0,0.0,0.0,0.0,0.0,1.0,0.0,0.0,0.0,0.0,0.0,0.0,0.0,0.0,0.0,0.0,0.0,0.0,0.0,0.0,0.0,0.0,0.0,0.0,0.0,0.0
69,Elec Submeters LEED-6ETLW1 Utilities 6ETLW1_EnergyPosSum 6ETLW1_EnergyPosSum,0.009858971153548758,0.008297206048092023,0.009858715897976282,0.009859231498636482,0.0,04_LIGHTING_EMERGENCY,1.0,0.0,1.0,0.0,0.0,0.0,0.0,1.0,0.0,0.0,0.0,0.0,0.0,0.0,0.0,0.0,0.0,0.0,0.0,0.0,0.0,0.0,0.0,0.0,0.0,0.0,0.0,0.0
70,Elec Submeters LEED-6ETLW1 Utilities 6ETLW1_EnergyPosSumNR 6ETLW1_EnergyPosSumNR,0.009859042712779785,0.008304760689911754,0.009858786175807549,0.009859304109055328,0.00018860807242548905,04_LIGHTING_EMERGENCY,1.0,0.0,1.0,0.0,0.0,0.0,0.0,1.0,0.0,0.0,0.0,0.0,0.0,0.0,0.0,0.0,0.0,0.0,0.0,0.0,0.0,0.0,0.0,0.0,0.0,0.0,0.0,0.0
71,Elec Submeters LEED-6N2LE1 Utilities 6N2LE1_EnergyPosSum 6N2LE1_EnergyPosSum,0.005449345123835425,0.002973818133214905,0.005449622650381835,0.005449305038131474,9.430403621277228e-05,03_LIGHTING_NORMAL,1.0,0.0,1.0,0.0,0.0,0.0,0.0,1.0,0.0,0.0,0.0,0.0,0.0,0.0,0.0,0.0,0.0,0.0,0.0,0.0,0.0,0.0,0.0,0.0,0.0,0.0,0.0,0.0
72,Elec Submeters LEED-6N2LE1 Utilities 6N2LE1_EnergyPosSumNR 6N2LE1_EnergyPosSumNR,0.005449345972134851,0.0029759097988594067,0.005449623799946227,0.005449306240623887,9.430403621277228e-05,03_LIGHTING_NORMAL,1.0,0.0,1.0,0.0,0.0,0.0,0.0,1.0,0.0,0.0,0.0,0.0,0.0,0.0,0.0,0.0,0.0,0.0,0.0,0.0,0.0,0.0,0.0,0.0,0.0,0.0,0.0,0.0
73,Elec Submeters LEED-6N3LO1 Utilities 6N3LO1_EnergyPosSum 6N3LO1_EnergyPosSum,0.001636220227837462,0.00048362820002782715,0.0016363516849142105,0.0016360856296221032,0.0,03_LIGHTING_NORMAL,1.0,0.0,1.0,0.0,0.0,0.0,0.0,1.0,0.0,0.0,0.0,0.0,0.0,0.0,0.0,0.0,0.0,0.0,0.0,0.0,0.0,0.0,0.0,0.0,0.0,0.0,0.0,0.0
74,Elec Submeters LEED-6N3LO1 Utilities 6N3LO1_EnergyPosSumNR 6N3LO1_EnergyPosSumNR,0.0016362244596499402,0.00048438748005666664,0.0016363560481232413,0.0016360902943458472,0.00018860807242548905,03_LIGHTING_NORMAL,1.0,0.0,1.0,0.0,0.0,0.0,0.0,1.0,0.0,0.0,0.0,0.0,0.0,0.0,0.0,0.0,0.0,0.0,0.0,0.0,0.0,0.0,0.0,0.0,0.0,0.0,0.0,0.0
75,Elec Submeters LEED-6N4LC1 Utilities 6N4LC1_EnergyPosSum 6N4LC1_EnergyPosSum,0.0029637455211640397,0.0,0.0029641773976323417,0.0029633155526736254,9.430403621277228e-05,03_LIGHTING_NORMAL,1.0,0.0,1.0,0.0,0.0,0.0,0.0,1.0,0.0,0.0,0.0,0.0,0.0,0.0,0.0,0.0,0.0,0.0,0.0,0.0,0.0,0.0,0.0,0.0,0.0,0.0,0.0,0.0
76,Elec Submeters LEED-6N4LC1 Utilities 6N4LC1_EnergyPosSumNR 6N4LC1_EnergyPosSumNR,0.0029637455211640397,0.0,0.0029641773976323417,0.0029633155526736254,9.430403621277228e-05,03_LIGHTING_NORMAL,1.0,0.0,1.0,0.0,0.0,0.0,0.0,1.0,0.0,0.0,0.0,0.0,0.0,0.0,0.0,0.0,0.0,0.0,0.0,0.0,0.0,0.0,0.0,0.0,0.0,0.0,0.0,0.0
77,Elec Submeters LEED-6N4LE1 Utilities 6N4LE1_EnergyPosSum 6N4LE1_EnergyPosSum,0.006063667571816049,0.004288526621882096,0.00606374728337642,0.006063819887848264,9.430403621277228e-05,03_LIGHTING_NORMAL,1.0,0.0,1.0,0.0,0.0,0.0,0.0,1.0,0.0,0.0,0.0,0.0,0.0,0.0,0.0,0.0,0.0,0.0,0.0,0.0,0.0,0.0,0.0,0.0,0.0,0.0,0.0,0.0
78,Elec Submeters LEED-6N4LE1 Utilities 6N4LE1_EnergyPosSumNR 6N4LE1_EnergyPosSumNR,0.006063667788198452,0.004288930319944208,0.006063747546031419,0.006063820281213738,9.430403621277228e-05,03_LIGHTING_NORMAL,1.0,0.0,1.0,0.0,0.0,0.0,0.0,1.0,0.0,0.0,0.0,0.0,0.0,0.0,0.0,0.0,0.0,0.0,0.0,0.0,0.0,0.0,0.0,0.0,0.0,0.0,0.0,0.0
79,Elec Submeters LEED-6N4LW1 Utilities 6N4LW1_EnergyPosSum 6N4LW1_EnergyPosSum,0.0014049217839197596,0.0,0.0014051265088713275,0.0014047179634182124,9.430403621277228e-05,03_LIGHTING_NORMAL,1.0,0.0,1.0,0.0,0.0,0.0,0.0,1.0,0.0,0.0,0.0,0.0,0.0,0.0,0.0,0.0,0.0,0.0,0.0,0.0,0.0,0.0,0.0,0.0,0.0,0.0,0.0,0.0
80,Elec Submeters LEED-6N4LW1 Utilities 6N4LW1_EnergyPosSumNR 6N4LW1_EnergyPosSumNR,0.0018774232164115682,0.0,0.0018776967941875344,0.0018771508472690537,9.430403621277228e-05,03_LIGHTING_NORMAL,1.0,0.0,1.0,0.0,0.0,0.0,0.0,1.0,0.0,0.0,0.0,0.0,0.0,0.0,0.0,0.0,0.0,0.0,0.0,0.0,0.0,0.0,0.0,0.0,0.0,0.0,0.0,0.0
81,Elec Submeters LEED-6N6LC1 Utilities 6N6LC1_EnergyPosSum 6N6LC1_EnergyPosSum,7.339162098705612e-06,0.0,7.3402315600965564e-06,7.33809736206545e-06,9.430403621277228e-05,03_LIGHTING_NORMAL,1.0,0.0,1.0,0.0,0.0,0.0,0.0,1.0,0.0,0.0,0.0,0.0,0.0,0.0,0.0,0.0,0.0,0.0,0.0,0.0,0.0,0.0,0.0,0.0,0.0,0.0,0.0,0.0
82,Elec Submeters LEED-6N6LC1 Utilities 6N6LC1_EnergyPosSumNR 6N6LC1_EnergyPosSumNR,7.339160650230596e-06,0.0,7.340230111410472e-06,7.338095913800576e-06,9.430403621277228e-05,03_LIGHTING_NORMAL,1.0,0.0,1.0,0.0,0.0,0.0,0.0,1.0,0.0,0.0,0.0,0.0,0.0,0.0,0.0,0.0,0.0,0.0,0.0,0.0,0.0,0.0,0.0,0.0,0.0,0.0,0.0,0.0
83,Elec Submeters LEED-6N6LE1 Utilities 6N6LE1_EnergyPosSum 6N6LE1_EnergyPosSum,0.00719641196141804,0.005213541295473869,0.007196442154620923,0.007196639124508864,9.430403621277228e-05,03_LIGHTING_NORMAL,1.0,0.0,1.0,0.0,0.0,0.0,0.0,1.0,0.0,0.0,0.0,0.0,0.0,0.0,0.0,0.0,0.0,0.0,0.0,0.0,0.0,0.0,0.0,0.0,0.0,0.0,0.0,0.0
84,Elec Submeters LEED-6N6LE1 Utilities 6N6LE1_EnergyPosSumNR 6N6LE1_EnergyPosSumNR,0.007196414620609877,0.005217144821345195,0.007196445576459819,0.007196642428491721,9.430403621277228e-05,03_LIGHTING_NORMAL,1.0,0.0,1.0,0.0,0.0,0.0,0.0,1.0,0.0,0.0,0.0,0.0,0.0,0.0,0.0,0.0,0.0,0.0,0.0,0.0,0.0,0.0,0.0,0.0,0.0,0.0,0.0,0.0
85,Elec Submeters LEED-6N6LW1 Utilities 6N6LW1_EnergyPosSum 6N6LW1_EnergyPosSum,9.094307153148985e-05,0.0,9.095632373963971e-05,9.092987786998934e-05,9.430403621277228e-05,03_LIGHTING_NORMAL,1.0,0.0,1.0,0.0,0.0,0.0,0.0,1.0,0.0,0.0,0.0,0.0,0.0,0.0,0.0,0.0,0.0,0.0,0.0,0.0,0.0,0.0,0.0,0.0,0.0,0.0,0.0,0.0
86,Elec Submeters LEED-6N6LW1 Utilities 6N6LW1_EnergyPosSumNR 6N6LW1_EnergyPosSumNR,9.094299616329879e-05,0.0,9.095624836046594e-05,9.092980251273233e-05,9.430403621277228e-05,03_LIGHTING_NORMAL,1.0,0.0,1.0,0.0,0.0,0.0,0.0,1.0,0.0,0.0,0.0,0.0,0.0,0.0,0.0,0.0,0.0,0.0,0.0,0.0,0.0,0.0,0.0,0.0,0.0,0.0,0.0,0.0
87,Elec Submeters LEED-6NBLC1 Utilities 6NBLC1_EnergyPosSum 6NBLC1_EnergyPosSum,0.006329647289952949,0.0,0.006330569645026167,0.006328729009732637,9.430403621277228e-05,03_LIGHTING_NORMAL,1.0,0.0,1.0,0.0,0.0,0.0,0.0,1.0,0.0,0.0,0.0,0.0,0.0,0.0,0.0,0.0,0.0,0.0,0.0,0.0,0.0,0.0,0.0,0.0,0.0,0.0,0.0,0.0
88,Elec Submeters LEED-6NBLC1 Utilities 6NBLC1_EnergyPosSumNR 6NBLC1_EnergyPosSumNR,0.006329944850648039,0.0,0.00633086724908175,0.006329026527258798,9.430403621277228e-05,03_LIGHTING_NORMAL,1.0,0.0,1.0,0.0,0.0,0.0,0.0,1.0,0.0,0.0,0.0,0.0,0.0,0.0,0.0,0.0,0.0,0.0,0.0,0.0,0.0,0.0,0.0,0.0,0.0,0.0,0.0,0.0
89,Elec Submeters LEED-6NBLW1 Utilities 6NBLW1_EnergyPosSum 6NBLW1_EnergyPosSum,0.0021156222094468025,0.0015433528697020831,0.0021155643915926293,0.00211553108769315,0.00018860807242548905,03_LIGHTING_NORMAL,1.0,0.0,1.0,0.0,0.0,0.0,0.0,1.0,0.0,0.0,0.0,0.0,0.0,0.0,0.0,0.0,0.0,0.0,0.0,0.0,0.0,0.0,0.0,0.0,0.0,0.0,0.0,0.0
90,Elec Submeters LEED-6NBLW1 Utilities 6NBLW1_EnergyPosSumNR 6NBLW1_EnergyPosSumNR,0.002115622256883305,0.0015432040694104427,0.0021155644501613478,0.0021155311674128175,0.00018860807242548905,03_LIGHTING_NORMAL,1.0,0.0,1.0,0.0,0.0,0.0,0.0,1.0,0.0,0.0,0.0,0.0,0.0,0.0,0.0,0.0,0.0,0.0,0.0,0.0,0.0,0.0,0.0,0.0,0.0,0.0,0.0,0.0
91,Elec Submeters LEED-6NBME1 Utilities 6NBME1_EnergyPosSum 6NBME1_EnergyPosSum,0.032273203165750115,0.003386254687914513,0.03227748277565926,0.032269275778321754,0.00018860807242548905,05_OTHER,1.0,0.0,1.0,0.0,0.0,0.0,0.0,1.0,0.0,0.0,0.0,0.0,0.0,0.0,0.0,0.0,0.0,0.0,0.0,0.0,0.0,0.0,0.0,0.0,0.0,0.0,0.0,0.0
92,Elec Submeters LEED-6NBME1 Utilities 6NBME1_EnergyPosSumNR 6NBME1_EnergyPosSumNR,0.032273175242207644,0.0033672589364818826,0.032277457788923325,0.03226924652326808,0.0,05_OTHER,1.0,0.0,1.0,0.0,0.0,0.0,0.0,1.0,0.0,0.0,0.0,0.0,0.0,0.0,0.0,0.0,0.0,0.0,0.0,0.0,0.0,0.0,0.0,0.0,0.0,0.0,0.0,0.0
93,Elec Submeters LEED-6NBMW1 Utilities 6NBMW1_EnergyPosSum 6NBMW1_EnergyPosSum,0.10726857131659673,0.06589360118483503,0.10727067621896597,0.10726686257191614,0.00018860807242548905,05_OTHER,1.0,0.0,1.0,0.0,0.0,0.0,0.0,1.0,0.0,0.0,0.0,0.0,0.0,0.0,0.0,0.0,0.0,0.0,0.0,0.0,0.0,0.0,0.0,0.0,0.0,0.0,0.0,0.0
94,Elec Submeters LEED-6NBMW1 Utilities 6NBMW1_EnergyPosSumNR 6NBMW1_EnergyPosSumNR,0.10726857175292595,0.06589412391971003,0.10727067665995237,0.10726686257191614,0.00018860807242548905,05_OTHER,1.0,0.0,1.0,0.0,0.0,0.0,0.0,1.0,0.0,0.0,0.0,0.0,0.0,0.0,0.0,0.0,0.0,0.0,0.0,0.0,0.0,0.0,0.0,0.0,0.0,0.0,0.0,0.0
95,Elec Submeters LEED-6NRMC1 Utilities 6NRMC1_EnergyPosSum 6NRMC1_EnergyPosSum,0.06859421947318205,0.05871634140021709,0.06859226291867276,0.06859621901926818,0.00018860807242548905,05_OTHER,1.0,0.0,1.0,0.0,0.0,0.0,0.0,1.0,0.0,0.0,0.0,0.0,0.0,0.0,0.0,0.0,0.0,0.0,0.0,0.0,0.0,0.0,0.0,0.0,0.0,0.0,0.0,0.0
96,Elec Submeters LEED-6NRMC1 Utilities 6NRMC1_EnergyPosSumNR 6NRMC1_EnergyPosSumNR,0.06859424892080704,0.05871496825217341,0.06859229196635132,0.0685962475257975,0.00018860807242548905,05_OTHER,1.0,0.0,1.0,0.0,0.0,0.0,0.0,1.0,0.0,0.0,0.0,0.0,0.0,0.0,0.0,0.0,0.0,0.0,0.0,0.0,0.0,0.0,0.0,0.0,0.0,0.0,0.0,0.0
97,Elec Submeters LEED-6NRME1 Utilities 6NRME1_EnergyPosSum 6NRME1_EnergyPosSum,0.0968058712963181,0.054192555658877685,0.0968088327640204,0.09680295399682301,9.430403621277228e-05,05_OTHER,1.0,0.0,1.0,0.0,0.0,0.0,0.0,1.0,0.0,0.0,0.0,0.0,0.0,0.0,0.0,0.0,0.0,0.0,0.0,0.0,0.0,0.0,0.0,0.0,0.0,0.0,0.0,0.0
98,Elec Submeters LEED-6NRME1 Utilities 6NRME1_EnergyPosSumNR 6NRME1_EnergyPosSumNR,0.09680605087765178,0.05418523511283567,0.0968090108330009,0.0968031349352174,0.00018860807242548905,05_OTHER,1.0,0.0,1.0,0.0,0.0,0.0,0.0,1.0,0.0,0.0,0.0,0.0,0.0,0.0,0.0,0.0,0.0,0.0,0.0,0.0,0.0,0.0,0.0,0.0,0.0,0.0,0.0,0.0
99,Elec Submeters LEED-6NRMW1 Utilities 6NRMW1_EnergyPosSum 6NRMW1_EnergyPosSum,0.017860934947238432,0.010105660000263311,0.017861390399464706,0.017860395716030247,0.00018860807242548905,05_OTHER,1.0,0.0,1.0,0.0,0.0,0.0,0.0,1.0,0.0,0.0,0.0,0.0,0.0,0.0,0.0,0.0,0.0,0.0,0.0,0.0,0.0,0.0,0.0,0.0,0.0,0.0,0.0,0.0
100,Elec Submeters LEED-6NRMW1 Utilities 6NRMW1_EnergyPosSumNR 6NRMW1_EnergyPosSumNR,0.017860933614712155,0.01010570836526382,0.01786138887036753,0.01786039381655168,0.00018860807242548905,05_OTHER,1.0,0.0,1.0,0.0,0.0,0.0,0.0,1.0,0.0,0.0,0.0,0.0,0.0,0.0,0.0,0.0,0.0,0.0,0.0,0.0,0.0,0.0,0.0,0.0,0.0,0.0,0.0,0.0
101,Elec Submeters LEED-6SBME1 Utilities 6SBME1_EnergyPosSum 6SBME1_EnergyPosSum,0.044976146558544754,0.035353057063953364,0.044975511996980765,0.04497682543493678,9.430403621277228e-05,05_OTHER,1.0,0.0,1.0,0.0,0.0,0.0,0.0,1.0,0.0,0.0,0.0,0.0,0.0,0.0,0.0,0.0,0.0,0.0,0.0,0.0,0.0,0.0,0.0,0.0,0.0,0.0,0.0,0.0
102,Elec Submeters LEED-6SBME1 Utilities 6SBME1_EnergyPosSumNR 6SBME1_EnergyPosSumNR,0.044976145359323906,0.035353362242073194,0.044975510856176314,0.04497682455862186,9.430403621277228e-05,05_OTHER,1.0,0.0,1.0,0.0,0.0,0.0,0.0,1.0,0.0,0.0,0.0,0.0,0.0,0.0,0.0,0.0,0.0,0.0,0.0,0.0,0.0,0.0,0.0,0.0,0.0,0.0,0.0,0.0
103,Elec Submeters LEED-6SBMW1 Utilities 6SBMW1_EnergyPosSum 6SBMW1_EnergyPosSum,0.2736330001205819,0.2990638936606901,0.2736120369062389,0.2736552936630594,9.430403621277228e-05,05_OTHER,1.0,0.0,1.0,0.0,0.0,0.0,0.0,1.0,0.0,0.0,0.0,0.0,0.0,0.0,0.0,0.0,0.0,0.0,0.0,0.0,0.0,0.0,0.0,0.0,0.0,0.0,0.0,0.0
104,Elec Submeters LEED-6SBMW1 Utilities 6SBMW1_EnergyPosSumNR 6SBMW1_EnergyPosSumNR,0.2736330022157723,0.29906059288859405,0.27361204265966144,0.27365529254211146,9.430403621277228e-05,05_OTHER,1.0,0.0,1.0,0.0,0.0,0.0,0.0,1.0,0.0,0.0,0.0,0.0,0.0,0.0,0.0,0.0,0.0,0.0,0.0,0.0,0.0,0.0,0.0,0.0,0.0,0.0,0.0,0.0
105,Elec Submeters LEED-6SRMC1 Utilities 6SRMC1_EnergyPosSum 6SRMC1_EnergyPosSum,0.12148780621344075,0.08045037877768361,0.12148912550385221,0.12148666816463877,9.430403621277228e-05,05_OTHER,1.0,0.0,1.0,0.0,0.0,0.0,0.0,1.0,0.0,0.0,0.0,0.0,0.0,0.0,0.0,0.0,0.0,0.0,0.0,0.0,0.0,0.0,0.0,0.0,0.0,0.0,0.0,0.0
106,Elec Submeters LEED-6SRMC1 Utilities 6SRMC1_EnergyPosSumNR 6SRMC1_EnergyPosSumNR,0.12148780897027023,0.08044895278801444,0.12148912869764508,0.12148666980012034,9.430403621277228e-05,05_OTHER,1.0,0.0,1.0,0.0,0.0,0.0,0.0,1.0,0.0,0.0,0.0,0.0,0.0,0.0,0.0,0.0,0.0,0.0,0.0,0.0,0.0,0.0,0.0,0.0,0.0,0.0,0.0,0.0
107,Elec Submeters LEED-6SRME1 Utilities 6SRME1_EnergyPosSum 6SRME1_EnergyPosSum,0.12152634879496238,0.087015388908968,0.12152629026559411,0.12152649668423927,9.430403621277228e-05,05_OTHER,1.0,0.0,1.0,0.0,0.0,0.0,0.0,1.0,0.0,0.0,0.0,0.0,0.0,0.0,0.0,0.0,0.0,0.0,0.0,0.0,0.0,0.0,0.0,0.0,0.0,0.0,0.0,0.0
108,Elec Submeters LEED-6SRME1 Utilities 6SRME1_EnergyPosSumNR 6SRME1_EnergyPosSumNR,0.12152634875360993,0.08701526699068145,0.12152629048617267,0.12152649676693211,9.430403621277228e-05,05_OTHER,1.0,0.0,1.0,0.0,0.0,0.0,0.0,1.0,0.0,0.0,0.0,0.0,0.0,0.0,0.0,0.0,0.0,0.0,0.0,0.0,0.0,0.0,0.0,0.0,0.0,0.0,0.0,0.0
109,Elec Submeters LEED-6SRMW1 Utilities 6SRMW1_EnergyPosSum 6SRMW1_EnergyPosSum,0.042640581769857674,0.022509973781636567,0.04264221245031985,0.04263898120226214,9.430403621277228e-05,05_OTHER,1.0,0.0,1.0,0.0,0.0,0.0,0.0,1.0,0.0,0.0,0.0,0.0,0.0,0.0,0.0,0.0,0.0,0.0,0.0,0.0,0.0,0.0,0.0,0.0,0.0,0.0,0.0,0.0
110,Elec Submeters LEED-6SRMW1 Utilities 6SRMW1_EnergyPosSumNR 6SRMW1_EnergyPosSumNR,0.04264058557083642,0.022509901244407233,0.04264221583941663,0.04263898496938259,9.430403621277228e-05,05_OTHER,1.0,0.0,1.0,0.0,0.0,0.0,0.0,1.0,0.0,0.0,0.0,0.0,0.0,0.0,0.0,0.0,0.0,0.0,0.0,0.0,0.0,0.0,0.0,0.0,0.0,0.0,0.0,0.0
111,Elec Submeters LEED-ATS-DCA Utilities ATS-DCA_EnergyPosSum ATS-DCA_EnergyPosSum,0.18616754912705946,0.34571749496823756,0.18612400639539955,0.18621075595997236,0.00018860807242548905,99_UNKNOWN,1.0,0.0,1.0,0.0,0.0,0.0,0.0,1.0,0.0,0.0,0.0,0.0,0.0,0.0,0.0,0.0,0.0,0.0,0.0,0.0,0.0,0.0,0.0,0.0,0.0,0.0,0.0,0.0
112,Elec Submeters LEED-ATS-DCA Utilities ATS-DCA_EnergyPosSumNR ATS-DCA_EnergyPosSumNR,0.18616897026489426,0.3459261705409439,0.18612537203364113,0.18621221645865085,0.00018860807242548905,99_UNKNOWN,1.0,0.0,1.0,0.0,0.0,0.0,0.0,1.0,0.0,0.0,0.0,0.0,0.0,0.0,0.0,0.0,0.0,0.0,0.0,0.0,0.0,0.0,0.0,0.0,0.0,0.0,0.0,0.0
113,Elec Submeters LEED-ATS-DCB Utilities ATS-DCB_EnergyPosSum ATS-DCB_EnergyPosSum,0.09534422720937144,0.28252072061489064,0.09530029782902431,0.09538789196210594,0.00018860807242548905,99_UNKNOWN,1.0,0.0,1.0,0.0,0.0,0.0,0.0,1.0,0.0,0.0,0.0,0.0,0.0,0.0,0.0,0.0,0.0,0.0,0.0,0.0,0.0,0.0,0.0,0.0,0.0,0.0,0.0,0.0
114,Elec Submeters LEED-ATS-DCB Utilities ATS-DCB_EnergyPosSumNR ATS-DCB_EnergyPosSumNR,0.0953442303164943,0.2825108953076832,0.0953003062514041,0.09538789204706297,0.00018860807242548905,99_UNKNOWN,1.0,0.0,1.0,0.0,0.0,0.0,0.0,1.0,0.0,0.0,0.0,0.0,0.0,0.0,0.0,0.0,0.0,0.0,0.0,0.0,0.0,0.0,0.0,0.0,0.0,0.0,0.0,0.0
115,Elec Submeters LEED-ATS-S1 Utilities ATS-S1_EnergyPosSum ATS-S1_EnergyPosSum,0.21905618414719027,0.21251399788945827,0.21904600212560266,0.21906487666961108,0.00018860807242548905,99_UNKNOWN,1.0,0.0,1.0,0.0,0.0,0.0,0.0,1.0,0.0,0.0,0.0,0.0,0.0,0.0,0.0,0.0,0.0,0.0,0.0,0.0,0.0,0.0,0.0,0.0,0.0,0.0,0.0,0.0
116,Elec Submeters LEED-ATS-S1 Utilities ATS-S1_EnergyPosSumNR ATS-S1_EnergyPosSumNR,0.21905545119688372,0.21241299951342696,0.21904528490725036,0.21906413066418615,0.00018860807242548905,99_UNKNOWN,1.0,0.0,1.0,0.0,0.0,0.0,0.0,1.0,0.0,0.0,0.0,0.0,0.0,0.0,0.0,0.0,0.0,0.0,0.0,0.0,0.0,0.0,0.0,0.0,0.0,0.0,0.0,0.0
117,Elec Submeters LEED-ATS-S3 Utilities ATS-S3_EnergyPosSum ATS-S3_EnergyPosSum,0.47576057923447446,0.434641478175483,0.4757415218186915,0.475781709794842,9.430403621277228e-05,99_UNKNOWN,1.0,0.0,1.0,0.0,0.0,0.0,0.0,1.0,0.0,0.0,0.0,0.0,0.0,0.0,0.0,0.0,0.0,0.0,0.0,0.0,0.0,0.0,0.0,0.0,0.0,0.0,0.0,0.0
118,Elec Submeters LEED-ATS-S3 Utilities ATS-S3_EnergyPosSumNR ATS-S3_EnergyPosSumNR,0.47576058496867984,0.4346526306549491,0.4757415227010057,0.4757817162632635,9.430403621277228e-05,99_UNKNOWN,1.0,0.0,1.0,0.0,0.0,0.0,0.0,1.0,0.0,0.0,0.0,0.0,0.0,0.0,0.0,0.0,0.0,0.0,0.0,0.0,0.0,0.0,0.0,0.0,0.0,0.0,0.0,0.0
119,Elec Submeters LEED-CH-1 Utilities CH-1_EnergyPosSum CH-1_EnergyPosSum,0.1607403856048177,0.055056794556556266,0.1607532315846867,0.16072692611523934,0.00018860807242548905,01_SPACE_COOLING,1.0,0.0,1.0,0.0,0.0,0.0,0.0,1.0,0.0,0.0,0.0,0.0,0.0,0.0,0.0,0.0,0.0,0.0,0.0,0.0,0.0,0.0,0.0,0.0,0.0,0.0,0.0,0.0
120,Elec Submeters LEED-CH-1 Utilities CH-1_EnergyPosSumNR CH-1_EnergyPosSumNR,0.16074038674386645,0.05505701029348338,0.16075323268715258,0.16072692669386568,0.00018860807242548905,01_SPACE_COOLING,1.0,0.0,1.0,0.0,0.0,0.0,0.0,1.0,0.0,0.0,0.0,0.0,0.0,0.0,0.0,0.0,0.0,0.0,0.0,0.0,0.0,0.0,0.0,0.0,0.0,0.0,0.0,0.0
121,Elec Submeters LEED-CH-2 Utilities CH-2_EnergyPosSum CH-2_EnergyPosSum,0.057296952444735066,0.15792720498638185,0.05727391151619729,0.05731912541227101,0.00018860807242548905,01_SPACE_COOLING,1.0,0.0,1.0,0.0,0.0,0.0,0.0,1.0,0.0,0.0,0.0,0.0,0.0,0.0,0.0,0.0,0.0,0.0,0.0,0.0,0.0,0.0,0.0,0.0,0.0,0.0,0.0,0.0
122,Elec Submeters LEED-CH-2 Utilities CH-2_EnergyPosSumNR CH-2_EnergyPosSumNR,0.05729697007702586,0.1579187200840124,0.05727392688870565,0.0573191371248611,0.00018860807242548905,01_SPACE_COOLING,1.0,0.0,1.0,0.0,0.0,0.0,0.0,1.0,0.0,0.0,0.0,0.0,0.0,0.0,0.0,0.0,0.0,0.0,0.0,0.0,0.0,0.0,0.0,0.0,0.0,0.0,0.0,0.0
123,Elec Submeters LEED-CH-3 Utilities CH-3_EnergyPosSum CH-3_EnergyPosSum,0.15579880057690754,0.12317802349083125,0.15579663976639835,0.15580142942537395,0.00018860807242548905,01_SPACE_COOLING,1.0,0.0,1.0,0.0,0.0,0.0,0.0,1.0,0.0,0.0,0.0,0.0,0.0,0.0,0.0,0.0,0.0,0.0,0.0,0.0,0.0,0.0,0.0,0.0,0.0,0.0,0.0,0.0
124,Elec Submeters LEED-CH-3 Utilities CH-3_EnergyPosSumNR CH-3_EnergyPosSumNR,0.15579880763625395,0.1231785707771836,0.15579664587130307,0.15580143635052032,0.00018860807242548905,01_SPACE_COOLING,1.0,0.0,1.0,0.0,0.0,0.0,0.0,1.0,0.0,0.0,0.0,0.0,0.0,0.0,0.0,0.0,0.0,0.0,0.0,0.0,0.0,0.0,0.0,0.0,0.0,0.0,0.0,0.0
125,Elec Submeters LEED-CH-4 Utilities CH-4_EnergyPosSum CH-4_EnergyPosSum,0.0001261949180228167,0.0,0.00012621330712374461,0.0001261766101627077,9.430403621277228e-05,01_SPACE_COOLING,1.0,0.0,1.0,0.0,0.0,0.0,0.0,1.0,0.0,0.0,0.0,0.0,0.0,0.0,0.0,0.0,0.0,0.0,0.0,0.0,0.0,0.0,0.0,0.0,0.0,0.0,0.0,0.0
126,Elec Submeters LEED-CH-4 Utilities CH-4_EnergyPosSumNR CH-4_EnergyPosSumNR,0.0001261949180228167,0.0,0.00012621330712374461,0.0001261766101627077,9.430403621277228e-05,01_SPACE_COOLING,1.0,0.0,1.0,0.0,0.0,0.0,0.0,1.0,0.0,0.0,0.0,0.0,0.0,0.0,0.0,0.0,0.0,0.0,0.0,0.0,0.0,0.0,0.0,0.0,0.0,0.0,0.0,0.0
127,Elec Submeters LEED-G1 Utilities G1_EnergyPosSum G1_EnergyPosSum,0.0,0.0,0.0,0.0,0.00018860807242548905,99_UNKNOWN,1.0,0.0,1.0,0.0,0.0,0.0,0.0,1.0,0.0,0.0,0.0,0.0,0.0,0.0,0.0,0.0,0.0,0.0,0.0,0.0,0.0,0.0,0.0,0.0,0.0,0.0,0.0,0.0
128,Elec Submeters LEED-G1 Utilities G1_EnergyPosSumNR G1_EnergyPosSumNR,0.0,0.0,0.0,0.0,0.00018860807242548905,99_UNKNOWN,1.0,0.0,1.0,0.0,0.0,0.0,0.0,1.0,0.0,0.0,0.0,0.0,0.0,0.0,0.0,0.0,0.0,0.0,0.0,0.0,0.0,0.0,0.0,0.0,0.0,0.0,0.0,0.0
129,Elec Submeters LEED-LV-DCA Utilities LV-DCA_EnergyPosSum LV-DCA_EnergyPosSum,0.18275235436267212,0.34382420717283063,0.18270868938252838,0.1827956712262929,9.430403621277228e-05,99_UNKNOWN,1.0,0.0,1.0,0.0,0.0,0.0,0.0,1.0,0.0,0.0,0.0,0.0,0.0,0.0,0.0,0.0,0.0,0.0,0.0,0.0,0.0,0.0,0.0,0.0,0.0,0.0,0.0,0.0
130,Elec Submeters LEED-LV-DCA Utilities LV-DCA_EnergyPosSumNR LV-DCA_EnergyPosSumNR,0.18275369443191863,0.3437594507568552,0.1827100231695684,0.1827970058550146,0.00018860807242548905,99_UNKNOWN,1.0,0.0,1.0,0.0,0.0,0.0,0.0,1.0,0.0,0.0,0.0,0.0,0.0,0.0,0.0,0.0,0.0,0.0,0.0,0.0,0.0,0.0,0.0,0.0,0.0,0.0,0.0,0.0
131,Elec Submeters LEED-LV-DCB Utilities LV-DCB_EnergyPosSum LV-DCB_EnergyPosSum,0.09606059717338707,0.28247316497411157,0.09601676262993587,0.09610414870783102,0.00018860807242548905,99_UNKNOWN,1.0,0.0,1.0,0.0,0.0,0.0,0.0,1.0,0.0,0.0,0.0,0.0,0.0,0.0,0.0,0.0,0.0,0.0,0.0,0.0,0.0,0.0,0.0,0.0,0.0,0.0,0.0,0.0
132,Elec Submeters LEED-LV-DCB Utilities LV-DCB_EnergyPosSumNR LV-DCB_EnergyPosSumNR,0.09606052022329598,0.2824791467812879,0.09601668406775934,0.09610407162195082,0.00018860807242548905,99_UNKNOWN,1.0,0.0,1.0,0.0,0.0,0.0,0.0,1.0,0.0,0.0,0.0,0.0,0.0,0.0,0.0,0.0,0.0,0.0,0.0,0.0,0.0,0.0,0.0,0.0,0.0,0.0,0.0,0.0
133,Elec Submeters LEED-LV-PA Utilities LV-PA_EnergyPosSum LV-PA_EnergyPosSum,1.0,0.7190271266460245,1.0,1.0,0.00018860807242548905,99_UNKNOWN,1.0,0.0,1.0,0.0,0.0,0.0,0.0,0.0,0.0,0.0,0.0,0.0,0.0,0.0,0.0,0.0,0.0,0.0,0.0,0.0,0.0,0.0,0.0,0.0,0.0,0.0,0.0,0.0
134,Elec Submeters LEED-LV-PA Utilities LV-PA_EnergyPosSumNR LV-PA_EnergyPosSumNR,0.9999998604481575,0.7190314028556619,0.9999998419798931,0.9999998730695978,0.00018860807242548905,99_UNKNOWN,1.0,0.0,1.0,0.0,0.0,0.0,0.0,0.0,0.0,0.0,0.0,0.0,0.0,0.0,0.0,0.0,0.0,0.0,0.0,0.0,0.0,0.0,0.0,0.0,0.0,0.0,0.0,0.0
135,Elec Submeters LEED-LV-PB Utilities LV-PB_EnergyPosSum LV-PB_EnergyPosSum,0.8915293410316463,0.7391806384241281,0.8915092830469955,0.8915542876770745,0.00018860807242548905,99_UNKNOWN,1.0,0.0,1.0,0.0,0.0,0.0,0.0,0.0,0.0,0.0,0.0,0.0,0.0,0.0,0.0,0.0,0.0,0.0,0.0,0.0,0.0,0.0,0.0,0.0,0.0,0.0,0.0,0.0
136,Elec Submeters LEED-LV-PB Utilities LV-PB_EnergyPosSumNR LV-PB_EnergyPosSumNR,0.8915293825150669,0.7391801049683876,0.891509316304715,0.891554315745042,0.00018860807242548905,99_UNKNOWN,1.0,0.0,1.0,0.0,0.0,0.0,0.0,0.0,0.0,0.0,0.0,0.0,0.0,0.0,0.0,0.0,0.0,0.0,0.0,0.0,0.0,0.0,0.0,0.0,0.0,0.0,0.0,0.0
137,Elec Submeters LEED-S2 Utilities S2_EnergyPosSum S2_EnergyPosSum,0.28219397753407843,0.1914230126563631,0.2821960649977902,0.2821921824905227,9.430403621277228e-05,99_UNKNOWN,1.0,0.0,1.0,0.0,0.0,0.0,0.0,1.0,0.0,0.0,0.0,0.0,0.0,0.0,0.0,0.0,0.0,0.0,0.0,0.0,0.0,0.0,0.0,0.0,0.0,0.0,0.0,0.0
138,Elec Submeters LEED-S2 Utilities S2_EnergyPosSumNR S2_EnergyPosSumNR,0.2821939501403821,0.1914209449010056,0.2821960399897025,0.2821921569751727,9.430403621277228e-05,99_UNKNOWN,1.0,0.0,1.0,0.0,0.0,0.0,0.0,1.0,0.0,0.0,0.0,0.0,0.0,0.0,0.0,0.0,0.0,0.0,0.0,0.0,0.0,0.0,0.0,0.0,0.0,0.0,0.0,0.0
139,Elec Submeters LEED-TBIRD_PARK_E1 Utilities TBIRD_PARK_E1_EnergyPosSum TBIRD_PARK_E1_EnergyPosSum,0.03379185134774805,0.02372253314617054,0.03379192565948852,0.03379148262691643,9.430403621277228e-05,,1.0,0.0,1.0,0.0,0.0,0.0,0.0,0.0,0.0,0.0,0.0,0.0,0.0,0.0,0.0,0.0,0.0,0.0,0.0,0.0,0.0,0.0,0.0,0.0,0.0,0.0,0.0,0.0
140,Elec Submeters LEED-TBIRD_PARK_E1 Utilities TBIRD_PARK_E1_EnergyPosSumNR TBIRD_PARK_E1_EnergyPosSumNR,0.03379187276193396,0.023719105498587648,0.03379194906548172,0.03379150373761325,0.00018860807242548905,,1.0,0.0,1.0,0.0,0.0,0.0,0.0,0.0,0.0,0.0,0.0,0.0,0.0,0.0,0.0,0.0,0.0,0.0,0.0,0.0,0.0,0.0,0.0,0.0,0.0,0.0,0.0,0.0
141,Elec Submeters LEED-TBIRD_PARK_LV-PB Utilities TBIRD_PARK_LV-PB_EnergyPosSum TBIRD_PARK_LV-PB_EnergyPosSum,0.058824750109982366,0.047896588563611564,0.05882379720788273,0.05882621972700088,0.00018860807242548905,,1.0,0.0,1.0,0.0,0.0,0.0,0.0,0.0,0.0,0.0,0.0,0.0,0.0,0.0,0.0,0.0,0.0,0.0,0.0,0.0,0.0,0.0,0.0,0.0,0.0,0.0,0.0,0.0
142,Elec Submeters LEED-TBIRD_PARK_LV-PB Utilities TBIRD_PARK_LV-PB_EnergyPosSumNR TBIRD_PARK_LV-PB_EnergyPosSumNR,0.05882476585227893,0.047902339440474916,0.05882381249081569,0.05882623469551194,0.00018860807242548905,,1.0,0.0,1.0,0.0,0.0,0.0,0.0,0.0,0.0,0.0,0.0,0.0,0.0,0.0,0.0,0.0,0.0,0.0,0.0,0.0,0.0,0.0,0.0,0.0,0.0,0.0,0.0,0.0
143,Elec Submeters LEED-TBIRD_PARK_S2 Utilities TBIRD_PARK_S2_EnergyPosSum TBIRD_PARK_S2_EnergyPosSum,0.0,0.0,0.0,0.0,9.430403621277228e-05,,1.0,0.0,1.0,0.0,0.0,0.0,0.0,0.0,0.0,0.0,0.0,0.0,0.0,0.0,0.0,0.0,0.0,0.0,0.0,0.0,0.0,0.0,0.0,0.0,0.0,0.0,0.0,0.0
144,Elec Submeters LEED-TBIRD_PARK_S2 Utilities TBIRD_PARK_S2_EnergyPosSumNR TBIRD_PARK_S2_EnergyPosSumNR,0.0,0.0,0.0,0.0,9.430403621277228e-05,,1.0,0.0,1.0,0.0,0.0,0.0,0.0,0.0,0.0,0.0,0.0,0.0,0.0,0.0,0.0,0.0,0.0,0.0,0.0,0.0,0.0,0.0,0.0,0.0,0.0,0.0,0.0,0.0
145,Elec Submeters LEED-TX-E1C1 Utilities TX-E1C1_EnergyPosSum TX-E1C1_EnergyPosSum,0.0061242702465559885,0.004762376486002124,0.006124191127924792,0.00612435174977703,9.430403621277228e-05,99_UNKNOWN,1.0,0.0,1.0,0.0,0.0,0.0,0.0,1.0,0.0,0.0,0.0,0.0,0.0,0.0,0.0,0.0,0.0,0.0,0.0,0.0,0.0,0.0,0.0,0.0,0.0,0.0,0.0,0.0
146,Elec Submeters LEED-TX-E1C1 Utilities TX-E1C1_EnergyPosSumNR TX-E1C1_EnergyPosSumNR,0.006124290658314626,0.004764267456849776,0.006124211280273372,0.006124372532595116,0.00018860807242548905,99_UNKNOWN,1.0,0.0,1.0,0.0,0.0,0.0,0.0,1.0,0.0,0.0,0.0,0.0,0.0,0.0,0.0,0.0,0.0,0.0,0.0,0.0,0.0,0.0,0.0,0.0,0.0,0.0,0.0,0.0
147,HW Submeters FM-1 Utilities Energy FM1_BTU_EF1_2_ENERGY(kWh),0.029436721811201248,0.5309195532355637,0.029331068340705736,0.029542317847677284,0.23868351565446996,00_HEATING_SPACE_AND_WATER,0.0,1.0,0.0,1.0,1.0,0.0,0.0,0.0,0.0,0.0,0.0,0.0,0.0,0.0,0.0,0.0,0.0,0.0,0.0,0.0,0.0,0.0,0.0,0.0,0.0,0.0,0.0,0.0
148,HW Submeters FM-10 Utilities Energy FM10_BTU_P4ABC_ENERGY(kWh),0.04058920735130359,0.5852760539943259,0.040480358321324135,0.040690084041895565,0.4728404375707279,00_HEATING_SPACE_AND_WATER,0.0,1.0,0.0,1.0,1.0,0.0,0.0,0.0,0.0,0.0,0.0,0.0,0.0,-0.000833909845688983,-0.0008339098456890141,-0.0008339098456890134,-0.003989747265380029,0.00196581241125846,-0.0051529984259003955,0.0,-0.009704891753481118,-0.0006669431903971116,0.0,-0.001456419242154819,-0.0016409556820673767,0.0,-0.0016409556820673225,-0.0016409556820673223
149,HW Submeters FM-12 Utilities Energy FM12_BTU_HX7_ENERGY(kWh),0.0006592368881593905,0.009429701201489034,0.0006575488216783459,0.0006613226896976208,0.23858921161825716,00_HEATING_SPACE_AND_WATER,0.0,1.0,0.0,1.0,1.0,0.0,0.0,0.0,0.0,0.0,0.0,0.0,0.0,0.0,0.0,0.0,0.0,0.0,0.0,0.0,0.0,0.0,0.0,0.0,0.0,0.0,0.0,0.0
150,HW Submeters FM-2 Utilities Energy FM2_BTU_EF3_ENERGY(kWh),0.0023310582862205572,0.0012218464083868987,0.0023311927767094972,0.0023309470499229767,0.23849490758204447,00_HEATING_SPACE_AND_WATER,0.0,1.0,0.0,1.0,1.0,0.0,0.0,0.0,0.0,0.0,0.0,0.0,0.0,0.0,0.0,0.0,0.0,0.0,0.0,0.0,0.0,0.0,0.0,0.0,0.0,0.0,0.0,0.0
151,HW Submeters FM-3 Utilities Energy MV_PHARM_FM3_BTU_EF4_ENERGY(kWh)_TL,0.0007265461538078817,6.481495572963055e-05,0.0007266480497378228,0.0007264563957485415,0.1656921916258016,00_HEATING_SPACE_AND_WATER,0.0,1.0,0.0,1.0,1.0,0.0,0.0,0.0,0.0,0.0,0.0,0.0,0.0,0.0,0.0,0.0,0.0,0.0,0.0,0.0,0.0,0.0,0.0,0.0,0.0,0.0,0.0,0.0
152,HW Submeters FM-4 Utilities Energy FM4_BTU_CT_ENERGY(kWh)_TL,0.027789033571219597,1.0,0.027564179020210015,0.028011470245808634,0.16578649566201434,00_HEATING_SPACE_AND_WATER,0.0,1.0,0.0,1.0,1.0,0.0,0.0,0.0,0.0,0.0,0.0,0.0,0.0,0.0,0.0,0.0,0.0,0.0,0.0,0.0,0.0,0.0,0.0,0.0,0.0,0.0,0.0,0.0
153,HW Submeters FM-6 Utilities Energy FM6_BTU_P9_CRAH1~3_ENERGY(kWh)_TL,0.005324534443863542,0.12751954264781246,0.005299125881255693,0.005350094524306314,0.16578649566201434,00_HEATING_SPACE_AND_WATER,0.0,1.0,0.0,1.0,1.0,0.0,0.0,0.0,0.0,0.0,0.0,0.0,0.0,0.0,0.0,0.0,0.0,0.0,0.0,0.0,0.0,0.0,0.0,0.0,0.0,0.0,0.0,0.0
154,HW Submeters FM-7 Utilities Energy FM7_BTU_P7_DATA_CTR_ENERGY(kWh)_TL,0.026834159790427678,0.4524255884253604,0.026744120459903542,0.02692366387390622,0.16578649566201434,00_HEATING_SPACE_AND_WATER,0.0,1.0,0.0,1.0,1.0,0.0,0.0,0.0,0.0,0.0,0.0,0.0,0.0,0.0,0.0,0.0,0.0,0.0,0.0,0.0,0.0,0.0,0.0,0.0,0.0,0.0,0.0,0.0
155,HW Submeters FM-8 Utilities Energy FM8_BTU_P5AB_ENERGY(kWh)_TL,0.003022092520332775,0.025641367835135338,0.003017485045823071,0.003027108256569755,0.16578649566201434,00_HEATING_SPACE_AND_WATER,0.0,1.0,0.0,1.0,1.0,0.0,0.0,0.0,0.0,0.0,0.0,0.0,0.0,0.0,0.0,0.0,0.0,0.0,0.0,0.0,0.0,0.0,0.0,0.0,0.0,0.0,0.0,0.0
156,HW Submeters FM-9 Utilities Energy FM9_BTU_CRAH4~6_ENERGY(kWh)_TL,0.002378957595747656,0.04312712480222699,0.0023703716199819686,0.0023875212921108126,0.16578649566201434,00_HEATING_SPACE_AND_WATER,0.0,1.0,0.0,1.0,1.0,0.0,0.0,0.0,0.0,0.0,0.0,0.0,0.0,0.0,0.0,0.0,0.0,0.0,0.0,0.0,0.0,0.0,0.0,0.0,0.0,0.0,0.0,0.0
157,Heating Plant HX-2 P-HX2A Hydronic Systems Energy HX2_PHX2A_VFD_PWR(kWh),9.594492037347865e-06,0.00022236320868372403,9.550202592841019e-06,9.636113453314796e-06,0.23849490758204447,00_HEATING_SPACE_AND_WATER,0.0,1.0,0.0,1.0,0.0,0.0,1.0,0.0,0.0,0.0,0.0,0.0,0.0,0.0,0.0,0.0,0.0,0.0,0.0,0.0,0.0,0.0,0.0,0.0,0.0,0.0,0.0,0.0
158,Heating Plant HX-2 P-HX2B Hydronic Systems Energy HX2_PHX2B_VFD_PWR(kWh),1.0068740748881829e-05,0.0002463868780865358,1.0022792047833155e-05,1.0117125844520842e-05,0.23849490758204447,00_HEATING_SPACE_AND_WATER,0.0,1.0,0.0,1.0,0.0,0.0,1.0,0.0,0.0,0.0,0.0,0.0,0.0,0.0,0.0,0.0,0.0,0.0,0.0,0.0,0.0,0.0,0.0,0.0,0.0,0.0,0.0,0.0
159,LEF-1 EF-1A Air Systems Energy EF1_F1_VFD_PWR(kWh),0.0007484358859610105,0.013498763273558896,0.0007457496180760917,0.000751120688961624,0.23868351565446996,05_OTHER,0.0,1.0,0.0,1.0,1.0,0.0,0.0,0.0,0.0,0.0,0.0,0.0,0.0,0.0,0.0,0.0,0.0,0.0,0.0,0.0,0.0,0.0,0.0,0.0,0.0,0.0,0.0,0.0
160,LEF-1 EF-1B Air Systems Energy EF1_F2_VFD_PWR(kWh),0.0007190854866487496,0.012969397455467362,0.0007165045612617097,0.0007216650070249027,0.23868351565446996,05_OTHER,0.0,1.0,0.0,1.0,1.0,0.0,0.0,0.0,0.0,0.0,0.0,0.0,0.0,0.0,0.0,0.0,0.0,0.0,0.0,0.0,0.0,0.0,0.0,0.0,0.0,0.0,0.0,0.0
161,LEF-1 EF-1C Air Systems Energy EF1_F3_VFD_PWR(kWh),0.0007975978577258418,0.014385444575127658,0.000794735134749,0.0008004590210518544,0.23868351565446996,05_OTHER,0.0,1.0,0.0,1.0,1.0,0.0,0.0,0.0,0.0,0.0,0.0,0.0,0.0,0.0,0.0,0.0,0.0,0.0,0.0,0.0,0.0,0.0,0.0,0.0,0.0,0.0,0.0,0.0
162,LEF-4 EF-4A Air Systems Energy EF4_F1_VFD_PWR(kWh)_TL,0.0005150117538715033,0.009023898535417237,0.0005132195781226191,0.0005168041831866057,0.1656921916258016,05_OTHER,0.0,1.0,0.0,1.0,1.0,0.0,0.0,0.0,0.0,0.0,0.0,0.0,0.0,0.0,0.0,0.0,0.0,0.0,0.0,0.0,0.0,0.0,0.0,0.0,0.0,0.0,0.0,0.0
163,LEF-4 EF-4B Air Systems Energy EF4_F2_VFD_PWR(kWh)_TL,0.0004968594742850603,0.008755153972951435,0.0004951193048912357,0.0004986009528923516,0.1656921916258016,05_OTHER,0.0,1.0,0.0,1.0,1.0,0.0,0.0,0.0,0.0,0.0,0.0,0.0,0.0,0.0,0.0,0.0,0.0,0.0,0.0,0.0,0.0,0.0,0.0,0.0,0.0,0.0,0.0,0.0
164,Rm 4312B EF-28 Floor 4 Energy EF_28_VFD_PWR(kWh),0.0,0.0,0.0,0.0,0.23868351565446996,02_HEATING_COOLING_COMBINED,0.0,1.0,0.0,1.0,1.0,0.0,0.0,0.0,0.0,0.0,0.0,0.0,0.0,0.0,0.0,0.0,0.0,0.0,0.0,0.0,0.0,0.0,0.0,0.0,0.0,0.0,0.0,0.0
165,Rm 6102 EF-07 Floor 6 Energy EF_07_VFD_PWR(kWh)_TL,1.4998314293490094e-05,0.00026438990737929905,1.4945755853260381e-05,1.505085130275911e-05,0.1656921916258016,02_HEATING_COOLING_COMBINED,0.0,1.0,0.0,1.0,1.0,0.0,0.0,0.0,0.0,0.0,0.0,0.0,0.0,0.0,0.0,0.0,0.0,0.0,0.0,0.0,0.0,0.0,0.0,0.0,0.0,0.0,0.0,0.0
166,Rm 6102 EF-08 Floor 6 Energy EF_08_VFD_PWR(kWh)_TL,1.4998724726679244e-05,0.0002643898905749445,1.494616630450013e-05,1.5051261718450628e-05,0.1656921916258016,02_HEATING_COOLING_COMBINED,0.0,1.0,0.0,1.0,1.0,0.0,0.0,0.0,0.0,0.0,0.0,0.0,0.0,0.0,0.0,0.0,0.0,0.0,0.0,0.0,0.0,0.0,0.0,0.0,0.0,0.0,0.0,0.0
167,AHU-20 Air Systems Energy AHU20_SF_VFD_PWR(kWh)_TL,,,,,,02_HEATING_COOLING_COMBINED,0.0,0.0,0.0,0.0,1.0,0.0,0.0,0.0,0.0,0.0,0.0,0.0,0.0,0.0,0.0,0.0,0.0,0.0,0.0,0.0,0.0,0.0,0.0,0.0,0.0,0.0,0.0,0.0
168,AHU-19 Air Systems Energy AHU19_SF_VFD_PWR(kWh)_TL,,,,,,02_HEATING_COOLING_COMBINED,0.0,0.0,0.0,0.0,1.0,0.0,0.0,0.0,0.0,0.0,0.0,0.0,0.0,0.0,0.0,0.0,0.0,0.0,0.0,0.0,0.0,0.0,0.0,0.0,0.0,0.0,0.0,0.0
169,Heating Plant BLR-1 Hydronic Systems BLR1_GFLW_FLOW BLR1_GFLW_FLOW,,,,,,00_HEATING_SPACE_AND_WATER,0.0,0.0,0.0,0.0,0.0,0.0,1.0,0.0,,,,,,,,,,,,,,,,,,,,
170,Heating Plant BLR-2 Hydronic Systems BLR2_GFLW_FLOW BLR2_GFLW_FLOW,,,,,,00_HEATING_SPACE_AND_WATER,0.0,0.0,0.0,0.0,0.0,0.0,1.0,0.0,,,,,,,,,,,,,,,,,,,,
171,Heating Plant BLR-3 Hydronic Systems BLR3_GFLW_FLOW BLR3_GFLW_FLOW,,,,,,00_HEATING_SPACE_AND_WATER,0.0,0.0,0.0,0.0,0.0,0.0,1.0,0.0,,,,,,,,,,,,,,,,,,,,
172,Heating Plant BLR-4 Hydronic Systems BLR4_GFLW_FLOW BLR4_GFLW_FLOW,,,,,,00_HEATING_SPACE_AND_WATER,0.0,0.0,0.0,0.0,0.0,0.0,1.0,0.0,,,,,,,,,,,,,,,,,,,,
173,Gas Submeters BLR-2 Gas Meter Utilities BLR2_GFLW_DAY BLR2_GFLW_DAY,,,,,,00_HEATING_SPACE_AND_WATER,0.0,0.0,0.0,0.0,0.0,0.0,0.0,0.0,,,,,,,,,,,,,,,,,,,,
174,Gas Submeters BLR-1Gas Meter Utilities BLR1_GFLW_DAY BLR1_GFLW_DAY,,,,,,00_HEATING_SPACE_AND_WATER,0.0,0.0,0.0,0.0,0.0,0.0,0.0,0.0,,,,,,,,,,,,,,,,,,,,
175,Cooling Plant Hydronic Systems Energy CHLR_CH1_PWR(kWh),,,,,,01_SPACE_COOLING,0.0,0.0,0.0,0.0,0.0,1.0,0.0,0.0,,,,,,,,,,,,,,,,,,,,
176,Cooling Plant Hydronic Systems Energy CHLR_CH2_PWR(kWh),,,,,,01_SPACE_COOLING,0.0,0.0,0.0,0.0,0.0,1.0,0.0,0.0,,,,,,,,,,,,,,,,,,,,
177,Cooling Plant Hydronic Systems Energy CHLR_CH3_PWR(kWh),,,,,,01_SPACE_COOLING,0.0,0.0,0.0,0.0,0.0,1.0,0.0,0.0,,,,,,,,,,,,,,,,,,,,
178,Cooling Plant Hydronic Systems Energy CHLR_CH4_PWR(kWh),,,,,,01_SPACE_COOLING,0.0,0.0,0.0,0.0,0.0,1.0,0.0,0.0,,,,,,,,,,,,,,,,,,,,
179,AHU-19 Air Systems Energy AHU19_SF_VFD_PWR(kWh),,,,,,02_HEATING_COOLING_COMBINED,0.0,0.0,0.0,0.0,1.0,0.0,0.0,0.0,,,,,,,,,,,,,,,,,,,,
180,AHU-20 Air Systems Energy AHU20_SF_VFD_PWR(kWh),,,,,,02_HEATING_COOLING_COMBINED,0.0,0.0,0.0,0.0,1.0,0.0,0.0,0.0,,,,,,,,,,,,,,,,,,,,
181,Elec Submeters DCA Utilities Energy Hybrid Energy Hybrid,,,,,,99_UNKNOWN,0.0,0.0,0.0,0.0,0.0,0.0,0.0,0.0,0.0,0.0,0.0,0.0,0.0,0.0,0.0,0.0,0.0,0.0,0.0,0.0,0.0,0.0,0.0,0.0,0.0,0.0,0.0,0.0
182,Elec Submeters DCB Utilities Energy Hybrid Energy Hybrid,,,,,,99_UNKNOWN,0.0,0.0,0.0,0.0,0.0,0.0,0.0,0.0,0.0,0.0,0.0,0.0,0.0,0.0,0.0,0.0,0.0,0.0,0.0,0.0,0.0,0.0,0.0,0.0,0.0,0.0,0.0,0.0
183,Elec Submeters PA Utilities Energy Hybrid Energy Hybrid,,,,,,99_UNKNOWN,0.0,0.0,0.0,0.0,0.0,0.0,0.0,0.0,0.0,0.0,0.0,0.0,0.0,0.0,0.0,0.0,0.0,0.0,0.0,0.0,0.0,0.0,0.0,0.0,0.0,0.0,0.0,0.0
184,Elec Submeters PB Utilities Energy Hybrid Energy Hybrid,,,,,,99_UNKNOWN,0.0,0.0,0.0,0.0,0.0,0.0,0.0,0.0,0.0,0.0,0.0,0.0,0.0,0.0,0.0,0.0,0.0,0.0,0.0,0.0,0.0,0.0,0.0,0.0,0.0,0.0,0.0,0.0
185,Elec Submeters DCA Utilities Energy Energy,,,,,,99_UNKNOWN,0.0,0.0,0.0,0.0,0.0,0.0,0.0,0.0,0.0,0.0,0.0,0.0,0.0,0.0,0.0,0.0,0.0,0.0,0.0,0.0,0.0,0.0,0.0,0.0,0.0,0.0,0.0,0.0
186,Elec Submeters DCB Utilities Energy Energy,,,,,,99_UNKNOWN,0.0,0.0,0.0,0.0,0.0,0.0,0.0,0.0,0.0,0.0,0.0,0.0,0.0,0.0,0.0,0.0,0.0,0.0,0.0,0.0,0.0,0.0,0.0,0.0,0.0,0.0,0.0,0.0
187,Elec Submeters PA Utilities Energy Energy,,,,,,99_UNKNOWN,0.0,0.0,0.0,0.0,0.0,0.0,0.0,0.0,0.0,0.0,0.0,0.0,0.0,0.0,0.0,0.0,0.0,0.0,0.0,0.0,0.0,0.0,0.0,0.0,0.0,0.0,0.0,0.0
188,Elec Submeters PB Utilities Energy Energy,,,,,,99_UNKNOWN,0.0,0.0,0.0,0.0,0.0,0.0,0.0,0.0,0.0,0.0,0.0,0.0,0.0,0.0,0.0,0.0,0.0,0.0,0.0,0.0,0.0,0.0,0.0,0.0,0.0,0.0,0.0,0.0
189,Elec Submeters DCA Utilities Energy OPC Energy OPC,,,,,,99_UNKNOWN,0.0,0.0,0.0,0.0,0.0,0.0,0.0,0.0,0.0,0.0,0.0,0.0,0.0,-1.6491598457193135e-15,-1.6491598457193133e-15,-1.6491598457193133e-15,-1.352938899936683e-15,-1.8545090823896143e-15,-1.0595469726894913e-15,0.0,-5.435442731597078e-16,-1.5528759004165535e-16,0.0,-1.0195976682693623e-15,5.770626256105786e-16,0.0,5.770626256105788e-16,5.770626256105787e-16
190,Elec Submeters PA Utilities Energy OPC Energy OPC,,,,,,99_UNKNOWN,0.0,0.0,0.0,0.0,0.0,0.0,0.0,0.0,0.0,0.0,0.0,0.0,0.0,2.662463454102569e-16,2.6624634541025703e-16,2.66246345410257e-16,3.69856077292014e-16,6.511759066921246e-16,2.2852081725055465e-16,0.0,4.294301015901808e-15,3.477034747849142e-15,0.0,4.320846837778336e-15,2.4694089140621318e-15,0.0,2.4694089140621326e-15,2.469408914062132e-15
191,Elec Submeters PB Utilities Energy OPC Energy OPC,,,,,,99_UNKNOWN,0.0,0.0,0.0,0.0,0.0,0.0,0.0,0.0,0.0,0.0,0.0,0.0,0.0,-9.564044243985864e-16,-9.564044243985866e-16,-9.56404424398587e-16,-2.702175740453018e-15,-3.578485595685728e-15,-2.1409256441851562e-15,0.0,9.508571173962014e-16,2.0756740921496784e-15,0.0,-4.751603224871848e-16,5.029448919395469e-15,0.0,5.029448919395471e-15,5.029448919395471e-15
192,Elec Submeters DCB Utilities Energy OPC Copy Energy OPC Copy,,,,,,99_UNKNOWN,0.0,0.0,0.0,0.0,0.0,0.0,0.0,0.0,0.0,0.0,0.0,0.0,0.0,-7.185214817581984e-16,-7.185214817581984e-16,-7.185214817581984e-16,-9.948203834101001e-16,-1.3625862854792255e-15,-7.803157999067927e-16,0.0,2.4602307673157354e-16,5.497517562155641e-16,0.0,-2.0101741348050488e-16,1.4453420370946972e-15,0.0,1.4453420370946978e-15,1.4453420370946978e-15
193,Cooling Plant CT-1A Hydronic Systems Energy CT1A_VFD_PWR(kWh),,,,,,,,,,,,,,,-2.8847107590099373e-07,0.0,-2.8847107590099294e-07,-2.8847107590099305e-07,0.0,3.0320814567390033e-07,3.0320814567390023e-07,3.032081456739004e-07,6.145431014955599e-07,6.066128507674315e-07,5.223645382421187e-07,0.0,1.0188953336868963e-06,-3.3266981833949054e-07,0.0,2.4290951824238505e-06,2.0675099024088724e-07,0.0,2.0675099024088676e-07,2.067509902408879e-07
194,Cooling Plant CT-1B Hydronic Systems Energy CT1B_VFD_PWR(kWh),,,,,,,,,,,,,,,-9.800502165306255e-08,0.0,-9.800502165306238e-08,-9.80050216530624e-08,0.0,8.868731171175748e-08,8.868731171175745e-08,8.86873117117575e-08,1.539313725054315e-07,1.5482954275202046e-07,1.299979598935197e-07,0.0,2.533710249130668e-07,-8.218107033134333e-08,0.0,5.770168054221726e-07,5.7505059280450776e-08,0.0,5.75050592804507e-08,5.750505928045073e-08
195,Cooling Plant CT-1C Hydronic Systems Energy CT1C_VFD_PWR(kWh),,,,,,,,,,,,,,,-1.267370163530388e-07,0.0,-1.2673701635303837e-07,-1.2673701635303842e-07,0.0,1.2843277755796438e-07,1.2843277755796388e-07,1.284327775579639e-07,2.1800078189915014e-07,2.308918100624021e-07,1.8300607781736427e-07,0.0,3.588083555171642e-07,5.181438505063926e-09,0.0,6.840740267671219e-07,1.1209840806190131e-07,0.0,1.1209840806190081e-07,1.1209840806190084e-07
196,DCA Utilities Energy OPC Energy OPC,,,,,,,,,,,,,,,-1.536568678641491e-14,0.0,-1.536568678641492e-14,-1.5365686786414915e-14,0.0,1.8373976488265756e-14,1.8373976488265762e-14,1.8373976488265762e-14,2.076438038650308e-15,3.0360859849620115e-15,1.579684548756426e-15,0.0,1.6095134184443023e-14,1.334833399686632e-14,0.0,1.9614954009647528e-14,1.3700207531461668e-15,0.0,1.3700207531461674e-15,1.3700207531461674e-15
197,DCB Utilities Energy OPC Copy Energy OPC Copy,,,,,,,,,,,,,,,-1.1891038521532092e-14,0.0,-1.1891038521532098e-14,-1.1891038521532094e-14,0.0,1.7138960250634963e-14,1.7138960250634976e-14,1.713896025063497e-14,4.201773861157574e-15,6.1436683851796e-15,3.1965688945640916e-15,0.0,2.865526623717307e-14,2.340177238279003e-14,0.0,3.5617338523893934e-14,2.2244212352364608e-15,0.0,2.2244212352364616e-15,2.224421235236461e-15
198,EF-2 EF-2A Air Systems Energy EF2_F1_VFD_PWR(kWh),,,,,,,,,,,,,,,0.0,0.0,0.0,0.0,0.0,0.0,0.0,0.0,0.0,0.0,0.0,0.0,0.0,0.0,0.0,0.0,0.0,0.0,0.0,0.0
199,EF-2 EF-2B Air Systems Energy EF2_F2_VFD_PWR(kWh),,,,,,,,,,,,,,,0.0,0.0,0.0,0.0,0.0,0.0,0.0,0.0,0.0,0.0,0.0,0.0,0.0,0.0,0.0,0.0,0.0,0.0,0.0,0.0
200,EF-2 EF-2C Air Systems Energy EF2_F3_VFD_PWR(kWh),,,,,,,,,,,,,,,0.0,0.0,0.0,0.0,0.0,0.0,0.0,0.0,0.0,0.0,0.0,0.0,0.0,0.0,0.0,0.0,0.0,0.0,0.0,0.0
201,EF-3 EF-3A Air Systems Energy EF3_F1_VFD_PWR(kWh),,,,,,,,,,,,,,,0.0,0.0,0.0,0.0,0.0,0.0,0.0,0.0,0.0,0.0,0.0,0.0,0.0,0.0,0.0,0.0,0.0,0.0,0.0,0.0
202,EF-3 EF-3B Air Systems Energy EF3_F2_VFD_PWR(kWh),,,,,,,,,,,,,,,0.0,0.0,0.0,0.0,0.0,0.0,0.0,0.0,0.0,0.0,0.0,0.0,0.0,0.0,0.0,0.0,0.0,0.0,0.0,0.0
203,EF-3 EF-3C Air Systems Energy EF3_F3_VFD_PWR(kWh),,,,,,,,,,,,,,,0.0,0.0,0.0,0.0,0.0,0.0,0.0,0.0,0.0,0.0,0.0,0.0,0.0,0.0,0.0,0.0,0.0,0.0,0.0,0.0
204,FM-10 BTU Meter Energy FM10_BTU_P4ABC_ENERGY(kWh),,,,,,,,,,,,,,,0.0,0.0,0.0,0.0,0.0,0.0,0.0,0.0,0.0,0.0,0.0,0.0,0.0,0.0,0.0,0.0,0.0,0.0,0.0,0.0
205,FM-10 Utilities Energy FM10_BTU_P4ABC_ENERGY(kWh),,,,,,,,,,,,,,,-0.0006464455194131774,0.0,-0.0006464455194131768,-0.0006464455194131763,0.0,0.000544651842240056,0.0005446518422400606,0.0005446518422400612,-0.0027038862135436406,-0.003953516013994739,-0.002057026115697103,0.0,0.016530554140125255,0.01777913814872409,0.0,0.01667263356595932,0.003275789958602916,0.0,0.0032757899586029343,0.0032757899586029343
206,PA Utilities Energy OPC Energy OPC,,,,,,,,,,,,,,,-3.79349554671438e-14,0.0,-3.793495546714381e-14,-3.79349554671438e-14,0.0,3.9670337336466164e-14,3.967033733646618e-14,3.967033733646618e-14,9.993003939062637e-16,1.46113770997853e-15,7.602342870033417e-16,0.0,1.2673420983769337e-14,1.1184011261312563e-14,0.0,1.4386065502573634e-14,1.9050273438691973e-16,0.0,1.9050273438691978e-16,1.9050273438691978e-16
207,PB Utilities Energy OPC Energy OPC,,,,,,,,,,,,,,,-3.619855218648564e-14,0.0,-3.619855218648565e-14,-3.6198552186485647e-14,0.0,4.2674339461013674e-14,4.2674339461013674e-14,4.2674339461013674e-14,6.4516054844467e-15,9.433283645952037e-15,4.908165477972645e-15,0.0,5.023455294692445e-14,4.160715438392718e-14,0.0,6.149785096519248e-14,-1.8300314469783385e-16,0.0,-1.8300314469783385e-16,-1.8300314469783385e-16
