,hour,date,mean_9,std_9,max_9,min_9,mean_4,mean_12,mean_7,mean_14,mean_8,mean_16,mean_5,mean_6,mean_10,mean_3,std_4,std_12,std_7,std_14,std_8,std_16,std_5,std_6,std_10,std_3,max_4,max_12,max_7,max_14,max_8,max_16,max_5,max_6,max_10,max_3,min_4,min_12,min_7,min_14,min_8,min_16,min_5,min_6,min_10,min_3,std_18,max_18,min_18,max_1,mean_18,mean_1,std_1,min_1,min_17,mean_11,mean_19,max_17,std_2,min_2,max_11,std_0,std_19,min_15,min_11,std_17,std_15,std_13,max_2,min_13,max_0,mean_0,mean_15,mean_13,max_19,max_13,mean_2,max_15,min_19,min_0,mean_17,std_11,urate_0,urate_1,urate_2,urate_3,urate_4,urate_5,urate_6,urate_7,urate_8,urate_9,urate_10,urate_11,urate_12,urate_13,urate_14,urate_15,urate_16,urate_17,urate_18,urate_19
0,0,2020-06-13,0.0,0.0,0.0,0.0,0.0,0.0,0.0,0.0,0.0,0.0,0.0,0.0,0.0,0.0,0.0,0.0,0.0,0.0,0.0,0.0,0.0,0.0,0.0,0.0,0.0,0.0,0.0,0.0,0.0,0.0,0.0,0.0,0.0,0.0,0.0,0.0,0.0,0.0,0.0,0.0,0.0,0.0,0.0,0.0,0.0,0.0,0.0,0.0,0.0,0.0,0.0,0.0,917.644836,781.4913685363637,456.26421660975615,937.740906,291.9665398557601,24.369999,816.499939,38665.172265176894,3.6427453663772935,931.144043,773.163452,4.042231633209593,3.5040776844502384,2.9652069138120294,872.0,84.467659,2044515.625,2448.6445093418606,937.6836149578947,90.67269632493706,462.925171,100.093605,722.9457141428571,942.881958,444.729858,-422.0,928.2729839411758,6.260152941679141,3.71553038553692,0.0,4.0,0.0,0.0,0.0,0.0,0.0,0.0,0.0,0.0,110.0,0.0,397.0,0.0,95.0,0.0,153.0,0.0,246.0
1,1,2020-06-13,0.0,0.0,0.0,0.0,0.0,0.0,0.0,0.0,0.0,0.0,0.0,0.0,0.0,0.0,0.0,0.0,0.0,0.0,0.0,0.0,0.0,0.0,0.0,0.0,0.0,0.0,0.0,0.0,0.0,0.0,0.0,0.0,0.0,0.0,0.0,0.0,0.0,0.0,0.0,0.0,0.0,0.0,0.0,0.0,0.0,0.0,0.0,0.0,0.0,0.0,0.0,0.0,916.857483,779.4871509367091,455.14411062172263,938.442444,292.410057485002,24.369999,787.103333,26315.25933193679,3.4196555784232134,930.831665,775.20575,4.289168918120971,3.360663208191935,1.682728271212905,872.0,83.607407,786692.5,1809.74349165096,937.4474670499998,87.83876038983057,462.725372,92.845192,723.9099998571428,941.89856,447.267517,-422.0,926.22697693007,3.0045805031977046,3.7904595948595077,0.0,4.0,0.0,0.0,0.0,0.0,0.0,0.0,0.0,0.0,79.0,0.0,295.0,0.0,80.0,0.0,143.0,0.0,267.0
2,17,2020-06-12,0.0,0.0,0.0,0.0,0.0,0.0,0.0,0.0,0.0,0.0,0.0,0.0,0.0,0.0,0.0,0.0,0.0,0.0,0.0,0.0,0.0,0.0,0.0,0.0,0.0,0.0,0.0,0.0,0.0,0.0,0.0,0.0,0.0,0.0,0.0,0.0,0.0,0.0,0.0,0.0,0.0,0.0,0.0,0.0,0.0,0.0,0.0,0.0,0.0,0.0,0.0,0.0,924.712219,783.5576716470592,458.68201267965367,946.075562,294.5461280909924,24.369999,791.101379,27639.691324850024,3.5683075987152293,934.466431,775.518921,4.329102702981531,3.9787600523289437,10.960160629165117,872.0,808.87146,786692.5,1989.8576454065692,942.203901783019,852.0964647338341,465.686249,872.600281,724.5766665238095,950.926941,450.884918,-422.0,933.9365349451219,3.6335969398186694,3.8002613809627532,0.0,3.0,0.0,0.0,0.0,0.0,0.0,0.0,0.0,0.0,102.0,0.0,665.0,0.0,106.0,0.0,164.0,0.0,231.0
3,18,2020-06-12,0.0,0.0,0.0,0.0,0.0,0.0,0.0,0.0,0.0,0.0,0.0,0.0,0.0,0.0,0.0,0.0,0.0,0.0,0.0,0.0,0.0,0.0,0.0,0.0,0.0,0.0,0.0,0.0,0.0,0.0,0.0,0.0,0.0,0.0,0.0,0.0,0.0,0.0,0.0,0.0,0.0,0.0,0.0,0.0,0.0,0.0,0.0,0.0,0.0,0.0,0.0,0.0,925.3751830000001,785.7873971834861,460.85867366666656,947.2023929999999,292.8623839817469,24.369999,794.690125,26072.871870337014,3.4800462889241652,934.136414,778.380798,4.151769617711176,3.8245169848450873,12.80397042788708,872.0,95.985184,786692.5,1830.8143378449386,943.781980016,124.7108850503401,469.56045499999993,155.411697,724.8742855714285,954.72644,452.799988,-422.0,935.3240081192056,3.78729042142571,4.358091918971901,0.0,4.0,0.0,0.0,0.0,0.0,0.0,0.0,0.0,0.0,109.0,0.0,735.0,0.0,125.0,0.0,151.0,0.0,255.0
4,19,2020-06-12,0.0,0.0,0.0,0.0,0.0,0.0,0.0,0.0,0.0,0.0,0.0,0.0,0.0,0.0,0.0,0.0,0.0,0.0,0.0,0.0,0.0,0.0,0.0,0.0,0.0,0.0,0.0,0.0,0.0,0.0,0.0,0.0,0.0,0.0,0.0,0.0,0.0,0.0,0.0,0.0,0.0,0.0,0.0,0.0,0.0,0.0,0.0,0.0,0.0,0.0,0.0,0.0,925.1826779999999,784.033717017857,460.5024018326999,946.185547,292.5564240318215,24.369999,790.507202,25731.473957029564,3.59968514699323,936.449646,774.71814,4.173430664801456,3.454432794094521,19.335354037318947,872.0,78.223183,786692.5,1768.794535222973,941.3181510825685,111.79307443320366,469.206543,147.791977,724.2314284285713,948.544922,453.0162659999999,-422.0,933.765081721855,3.806416615838077,4.066216510564147,0.0,4.0,0.0,0.0,0.0,0.0,0.0,0.0,0.0,0.0,112.0,0.0,771.0,0.0,109.0,0.0,151.0,0.0,263.0
5,2,2020-06-13,0.0,0.0,0.0,0.0,0.0,0.0,0.0,0.0,0.0,0.0,0.0,0.0,0.0,0.0,0.0,0.0,0.0,0.0,0.0,0.0,0.0,0.0,0.0,0.0,0.0,0.0,0.0,0.0,0.0,0.0,0.0,0.0,0.0,0.0,0.0,0.0,0.0,0.0,0.0,0.0,0.0,0.0,0.0,0.0,0.0,0.0,0.0,0.0,0.0,0.0,0.0,0.0,919.046692,778.9775247415729,455.7021332373539,935.458191,292.39288071346164,24.369999,786.180664,26186.01736694177,3.3982212807742456,931.438965,769.822083,3.826804160094456,3.433032300786759,2.0254040294336515,872.0,85.486107,786692.5,1793.3785643560818,938.0249852345675,90.19335530196079,463.515076,97.723038,723.8742855714285,942.824585,446.835297,-422.0,925.3248607788458,3.479606357325748,3.8263994772380743,0.0,4.0,0.0,0.0,0.0,0.0,0.0,0.0,0.0,0.0,89.0,0.0,255.0,0.0,81.0,0.0,104.0,0.0,257.0
6,20,2020-06-12,0.0,0.0,0.0,0.0,0.0,0.0,0.0,0.0,0.0,0.0,0.0,0.0,0.0,0.0,0.0,0.0,0.0,0.0,0.0,0.0,0.0,0.0,0.0,0.0,0.0,0.0,0.0,0.0,0.0,0.0,0.0,0.0,0.0,0.0,0.0,0.0,0.0,0.0,0.0,0.0,0.0,0.0,0.0,0.0,0.0,0.0,0.0,0.0,0.0,0.0,0.0,0.0,919.510742,783.935650234234,461.14722039737944,945.915283,293.18778175371267,24.369999,794.731384,25998.65388415794,3.7093105901542773,934.7245480000001,773.137634,4.1137553524590995,4.053956347307105,11.908499042229424,872.0,72.93721,786692.5,1816.934916985143,942.4127056249994,97.77014122292175,469.9154050000001,128.191483,725.5528569999999,950.780212,451.571228,-422.0,934.3727759934643,4.056379759128454,3.9875844042692226,0.0,4.0,0.0,0.0,0.0,0.0,0.0,0.0,0.0,0.0,111.0,0.0,794.0,0.0,104.0,0.0,153.0,0.0,229.0
7,21,2020-06-12,0.0,0.0,0.0,0.0,0.0,0.0,0.0,0.0,0.0,0.0,0.0,0.0,0.0,0.0,0.0,0.0,0.0,0.0,0.0,0.0,0.0,0.0,0.0,0.0,0.0,0.0,0.0,0.0,0.0,0.0,0.0,0.0,0.0,0.0,0.0,0.0,0.0,0.0,0.0,0.0,0.0,0.0,0.0,0.0,0.0,0.0,0.0,0.0,0.0,0.0,0.0,0.0,924.137329,780.8868171529409,461.9577467479339,941.252625,292.65894641084884,24.369999,789.247498,26407.37861421909,3.4029429800153834,935.057312,773.82312,3.854661619149047,3.772900372317894,8.531383810481927,872.0,50.234161,786692.5,1854.472073646289,942.361882111111,87.54135102521013,469.218628,110.959702,724.4457141428571,952.0383910000002,454.38028,-422.0,932.619542775194,3.6465914759205695,3.934219124373775,0.0,4.0,0.0,0.0,0.0,0.0,0.0,0.0,0.0,0.0,85.0,0.0,595.0,0.0,117.0,0.0,129.0,0.0,242.0
8,22,2020-06-12,0.0,0.0,0.0,0.0,0.0,0.0,0.0,0.0,0.0,0.0,0.0,0.0,0.0,0.0,0.0,0.0,0.0,0.0,0.0,0.0,0.0,0.0,0.0,0.0,0.0,0.0,0.0,0.0,0.0,0.0,0.0,0.0,0.0,0.0,0.0,0.0,0.0,0.0,0.0,0.0,0.0,0.0,0.0,0.0,0.0,0.0,0.0,0.0,0.0,0.0,0.0,0.0,917.814209,777.7487633333332,456.81668111870493,936.715881,292.677047623014,24.369999,784.289429,26727.235917106816,3.4909248281701286,934.716003,767.951843,3.641017805849275,3.728309780800637,5.005610165099793,872.0,57.092083,786692.5,1916.1281645558147,940.5932405306123,85.8104723436426,465.506165,93.337433,724.4814284285713,945.748718,449.244415,-422.0,928.3511990378788,3.6781713179261737,3.767588760618602,0.0,4.0,0.0,0.0,0.0,0.0,0.0,0.0,0.0,0.0,84.0,0.0,291.0,0.0,49.0,0.0,132.0,0.0,278.0
9,23,2020-06-12,0.0,0.0,0.0,0.0,0.0,0.0,0.0,0.0,0.0,0.0,0.0,0.0,0.0,0.0,0.0,0.0,0.0,0.0,0.0,0.0,0.0,0.0,0.0,0.0,0.0,0.0,0.0,0.0,0.0,0.0,0.0,0.0,0.0,0.0,0.0,0.0,0.0,0.0,0.0,0.0,0.0,0.0,0.0,0.0,0.0,0.0,0.0,0.0,0.0,0.0,0.0,0.0,921.413147,779.7306437333334,456.6156416315789,939.759705,292.2450110441257,24.369999,788.774414,26157.053782517585,3.7345928156774937,930.00885,768.054565,3.954798036676187,3.6463246248673005,3.327469929820571,872.0,80.346565,786692.5,1841.545041141141,937.2340870909086,88.50528022572178,465.905396,98.013718,723.5528569999999,945.204529,448.096191,-422.0,929.6893876578948,3.889247735223958,3.913526464822479,0.0,4.0,0.0,0.0,0.0,0.0,0.0,0.0,0.0,0.0,75.0,0.0,381.0,0.0,99.0,0.0,152.0,0.0,266.0
10,3,2020-06-13,0.0,0.0,0.0,0.0,0.0,0.0,0.0,0.0,0.0,0.0,0.0,0.0,0.0,0.0,0.0,0.0,0.0,0.0,0.0,0.0,0.0,0.0,0.0,0.0,0.0,0.0,0.0,0.0,0.0,0.0,0.0,0.0,0.0,0.0,0.0,0.0,0.0,0.0,0.0,0.0,0.0,0.0,0.0,0.0,0.0,0.0,0.0,0.0,0.0,0.0,0.0,0.0,916.473999,780.1388037600002,454.90983511842114,934.244995,292.5240627264907,24.369999,783.896118,25284.165634457215,3.644247073654965,930.051514,772.283875,3.8456148049745718,2.957156353778744,2.3089961836859776,872.0,84.445969,786692.5,1636.7346275761145,937.9368706896555,89.53490804035877,464.012146,96.217445,724.1599998571428,945.685242,446.407562,-422.0,925.5782444285711,2.9999569081963124,3.6251361359181007,0.0,4.0,0.0,0.0,0.0,0.0,0.0,0.0,0.0,0.0,75.0,0.0,223.0,0.0,87.0,0.0,140.0,0.0,228.0
11,4,2020-06-13,0.0,0.0,0.0,0.0,0.0,0.0,0.0,0.0,0.0,0.0,0.0,0.0,0.0,0.0,0.0,0.0,0.0,0.0,0.0,0.0,0.0,0.0,0.0,0.0,0.0,0.0,0.0,0.0,0.0,0.0,0.0,0.0,0.0,0.0,0.0,0.0,0.0,0.0,0.0,0.0,0.0,0.0,0.0,0.0,0.0,0.0,0.0,0.0,0.0,0.0,0.0,0.0,0.0,0.0,0.0,0.0,0.0,0.0,0.0,515.9911806350369,0.0,0.0,0.0,0.0,0.0,0.0,0.0,0.0,6026.368652,136.30687205063293,0.0,0.0,0.0,0.0,0.0,0.0,0.0,-0.189541,0.0,0.0,0.034415160095839684,0.0,0.0,0.0,0.0,0.0,0.0,0.0,0.0,0.0,0.0,0.0,0.0,0.0,0.0,0.0,0.0,0.0,0.0,0.0
12,0,2020-06-12,0.0,0.0,0.0,0.0,0.0,0.0,0.0,0.0,0.0,0.0,0.0,0.0,0.0,0.0,0.0,0.0,0.0,0.0,0.0,0.0,0.0,0.0,0.0,0.0,0.0,0.0,0.0,0.0,0.0,0.0,0.0,0.0,0.0,0.0,0.0,0.0,0.0,0.0,0.0,0.0,0.0,0.0,0.0,0.0,0.0,0.0,0.0,0.0,0.0,0.0,0.0,0.0,922.735046,785.3511039634143,451.66683774583305,939.702698,292.55731021597376,24.369999,790.099182,37986.102212528756,3.4177272344125913,923.362549,773.794312,3.6761114034871674,3.247834333626715,1.9957532536214366,872.0,68.012695,2037436.125,2379.147992610367,931.0587533493972,73.9200278689956,458.890594,78.252602,724.2314284285713,935.507996,445.008881,-422.0,930.3078119565215,3.7706211315368483,3.8061424526247003,0.0,4.0,0.0,0.0,0.0,0.0,0.0,0.0,0.0,0.0,82.0,0.0,229.0,0.0,83.0,0.0,115.0,0.0,240.0
13,1,2020-06-12,0.0,0.0,0.0,0.0,0.0,0.0,0.0,0.0,0.0,0.0,0.0,0.0,0.0,0.0,0.0,0.0,0.0,0.0,0.0,0.0,0.0,0.0,0.0,0.0,0.0,0.0,0.0,0.0,0.0,0.0,0.0,0.0,0.0,0.0,0.0,0.0,0.0,0.0,0.0,0.0,0.0,0.0,0.0,0.0,0.0,0.0,0.0,0.0,0.0,0.0,0.0,0.0,924.840271,785.5576054743591,452.59794746285695,941.941223,292.54106901832125,24.369999,790.487,26367.332003621348,3.4764213791369425,927.562744,778.502869,3.682027875941455,2.906719019487245,2.013266414246338,872.0,72.409828,786692.5,1817.5709157299743,931.3413543833335,76.75722718595037,459.407593,83.961342,724.1957141428571,938.822571,444.970337,-422.0,932.7754213720932,3.6524503964100408,3.7586582443912,0.0,4.0,0.0,0.0,0.0,0.0,0.0,0.0,0.0,0.0,78.0,0.0,242.0,0.0,60.0,0.0,129.0,0.0,175.0
14,10,2020-06-12,0.0,0.0,0.0,0.0,0.0,0.0,0.0,0.0,0.0,0.0,0.0,0.0,0.0,0.0,0.0,0.0,0.0,0.0,0.0,0.0,0.0,0.0,0.0,0.0,0.0,0.0,0.0,0.0,0.0,0.0,0.0,0.0,0.0,0.0,0.0,0.0,0.0,0.0,0.0,0.0,0.0,0.0,0.0,0.0,0.0,0.0,0.0,0.0,0.0,0.0,0.0,0.0,928.793335,806.7814109090906,464.77732797073173,946.3684080000002,293.63129712338406,24.369999,820.176208,26601.690550986517,5.036475268485011,945.9158940000001,784.893433,4.213259087638157,6.310650570526023,21.67061569919215,872.0,733.065186,786692.5,1831.0442957847038,968.5144584173913,812.5588383994749,475.843964,853.689331,726.4814284285713,983.5849610000001,452.912811,-422.0,936.2497359612403,9.146495485075906,4.330646917882814,0.0,4.0,0.0,0.0,0.0,0.0,0.0,0.0,0.0,0.0,88.0,0.0,761.0,0.0,115.0,0.0,129.0,0.0,205.0
15,11,2020-06-12,0.0,0.0,0.0,0.0,0.0,0.0,0.0,0.0,0.0,0.0,0.0,0.0,0.0,0.0,0.0,0.0,0.0,0.0,0.0,0.0,0.0,0.0,0.0,0.0,0.0,0.0,0.0,0.0,0.0,0.0,0.0,0.0,0.0,0.0,0.0,0.0,0.0,0.0,0.0,0.0,0.0,0.0,0.0,0.0,0.0,0.0,0.0,0.0,0.0,0.0,0.0,0.0,923.769836,802.6908363625,467.03249138938077,943.368958,293.705932593946,24.369999,820.041565,25928.78072436225,3.313934602518004,967.060608,788.035156,4.1298994837534915,3.5792137033486746,22.26084526829117,874.0,708.463196,786692.5,1778.4981179164442,973.6721598571429,787.5219250276422,475.02896100000004,845.799866,726.6242855714285,978.8913569999999,459.526245,-422.0,934.6777698496728,8.81675149770484,4.590067523415378,0.0,4.0,0.0,0.0,0.0,0.0,0.0,0.0,0.0,0.0,80.0,0.0,615.0,0.0,84.0,0.0,153.0,0.0,226.0
16,12,2020-06-12,0.0,0.0,0.0,0.0,0.0,0.0,0.0,0.0,0.0,0.0,0.0,0.0,0.0,0.0,0.0,0.0,0.0,0.0,0.0,0.0,0.0,0.0,0.0,0.0,0.0,0.0,0.0,0.0,0.0,0.0,0.0,0.0,0.0,0.0,0.0,0.0,0.0,0.0,0.0,0.0,0.0,0.0,0.0,0.0,0.0,0.0,0.0,0.0,0.0,0.0,0.0,0.0,925.203491,800.5525089659088,469.0031089265307,946.490417,293.63583793029716,24.369999,808.948059,26040.481847053874,6.83976764197384,964.965515,793.252197,4.395758434591365,4.290958309941031,21.82624231378372,873.0,728.072571,786692.5,1802.6751595203034,973.1463736279069,802.2749907012499,518.174683,857.953064,726.4814284285713,982.248047,458.94128399999994,-422.0,936.0973862948714,4.158840568812185,4.356131561751252,0.0,4.0,0.0,0.0,0.0,0.0,0.0,0.0,0.0,0.0,88.0,0.0,800.0,0.0,86.0,0.0,156.0,0.0,245.0
17,13,2020-06-12,0.0,0.0,0.0,0.0,0.0,0.0,0.0,0.0,0.0,0.0,0.0,0.0,0.0,0.0,0.0,0.0,0.0,0.0,0.0,0.0,0.0,0.0,0.0,0.0,0.0,0.0,0.0,0.0,0.0,0.0,0.0,0.0,0.0,0.0,0.0,0.0,0.0,0.0,0.0,0.0,0.0,0.0,0.0,0.0,0.0,0.0,0.0,0.0,0.0,0.0,0.0,0.0,923.352478,788.5111928000002,463.9069174820715,943.7221069999999,293.18752910298633,24.369999,809.308655,26669.987811424664,3.3339569578496664,964.2434080000002,773.523193,4.086587644169441,3.578957903072027,15.725774397965031,872.0,714.948792,786692.5,1867.119354385624,969.2448405326087,793.5075764968259,474.081879,863.05188,725.5528569999999,975.629456,455.224976,-422.0,932.7043358521129,8.753910893871787,4.311696798083206,0.0,4.0,0.0,0.0,0.0,0.0,0.0,0.0,0.0,0.0,120.0,0.0,630.0,0.0,92.0,0.0,142.0,0.0,251.0
18,14,2020-06-12,0.0,0.0,0.0,0.0,0.0,0.0,0.0,0.0,0.0,0.0,0.0,0.0,0.0,0.0,0.0,0.0,0.0,0.0,0.0,0.0,0.0,0.0,0.0,0.0,0.0,0.0,0.0,0.0,0.0,0.0,0.0,0.0,0.0,0.0,0.0,0.0,0.0,0.0,0.0,0.0,0.0,0.0,0.0,0.0,0.0,0.0,0.0,0.0,0.0,0.0,0.0,0.0,925.359985,782.6895751827958,462.9342978603603,943.622925,293.49336295734497,24.369999,791.189941,26102.465820616144,3.8079852743194955,963.5222169999998,775.007568,4.142938335028845,4.23647775903846,13.732920856929983,872.0,782.061096,786692.5,1813.4683709426408,971.3896769222223,825.8056364694135,470.81784100000004,863.761292,726.1957141428571,981.234802,454.0525819999999,-422.0,934.2949916562501,3.757907598928459,4.503376170768895,0.0,4.0,0.0,0.0,0.0,0.0,0.0,0.0,0.0,0.0,93.0,0.0,752.0,0.0,90.0,0.0,160.0,0.0,222.0
19,15,2020-06-12,0.0,0.0,0.0,0.0,0.0,0.0,0.0,0.0,0.0,0.0,0.0,0.0,0.0,0.0,0.0,0.0,0.0,0.0,0.0,0.0,0.0,0.0,0.0,0.0,0.0,0.0,0.0,0.0,0.0,0.0,0.0,0.0,0.0,0.0,0.0,0.0,0.0,0.0,0.0,0.0,0.0,0.0,0.0,0.0,0.0,0.0,0.0,0.0,0.0,0.0,0.0,0.0,926.21051,782.1611054157305,460.71083433603224,943.53418,293.1477382274039,24.369999,790.329224,26453.021369068945,3.4575161578157436,963.2821040000001,774.243347,4.215959561965039,3.9465306449740885,11.202921017659365,872.0,804.191528,786692.5,1832.8188357440947,970.8189561759259,850.0993488471805,468.763947,868.531616,725.4814284285713,984.138245,452.769012,-422.0,935.1232071379311,3.5812392711291,4.332607275103463,0.0,4.0,0.0,0.0,0.0,0.0,0.0,0.0,0.0,0.0,89.0,0.0,674.0,0.0,108.0,0.0,174.0,0.0,247.0
20,16,2020-06-12,0.0,0.0,0.0,0.0,0.0,0.0,0.0,0.0,0.0,0.0,0.0,0.0,0.0,0.0,0.0,0.0,0.0,0.0,0.0,0.0,0.0,0.0,0.0,0.0,0.0,0.0,0.0,0.0,0.0,0.0,0.0,0.0,0.0,0.0,0.0,0.0,0.0,0.0,0.0,0.0,0.0,0.0,0.0,0.0,0.0,0.0,0.0,0.0,0.0,0.0,0.0,0.0,923.859436,782.36691104,459.3176668815167,947.8865969999999,292.8618781186378,24.369999,790.629883,26545.613827229783,3.829061499532928,935.42926,774.118408,4.854381552184869,12.850856959876976,3.4935191776191425,872.0,848.405273,786692.5,1872.6477595770916,959.7178216146792,860.6083310405952,467.31311000000005,870.731262,724.8742855714285,984.114685,450.650696,-422.0,934.591202668874,3.934484444097934,4.142452624700501,0.0,4.0,0.0,0.0,0.0,0.0,0.0,0.0,0.0,0.0,100.0,0.0,739.0,0.0,109.0,0.0,151.0,0.0,211.0
21,17,2020-06-11,0.0,0.0,0.0,0.0,0.0,0.0,0.0,0.0,0.0,0.0,0.0,0.0,0.0,0.0,0.0,0.0,0.0,0.0,0.0,0.0,0.0,0.0,0.0,0.0,0.0,0.0,0.0,0.0,0.0,0.0,0.0,0.0,0.0,0.0,0.0,0.0,0.0,0.0,0.0,0.0,0.0,0.0,0.0,0.0,0.0,0.0,0.0,0.0,0.0,0.0,0.0,0.0,927.414307,787.7468335826088,455.13516262272725,953.624451,294.7717876792713,24.369999,794.700562,26940.814076826457,3.646014182047808,931.32428,777.607727,4.7099577982315965,3.3423003034340124,4.812374788598313,872.0,905.978149,786692.5,1960.581547456277,938.5227981684212,918.6121745672338,463.626434,930.011841,725.052857,947.657654,446.487061,-422.0,940.0304618749993,3.8148487786669776,3.8815072968852102,0.0,3.0,0.0,0.0,0.0,0.0,0.0,0.0,0.0,0.0,115.0,0.0,647.0,0.0,95.0,0.0,160.0,0.0,220.0
22,18,2020-06-11,0.0,0.0,0.0,0.0,0.0,0.0,0.0,0.0,0.0,0.0,0.0,0.0,0.0,0.0,0.0,0.0,0.0,0.0,0.0,0.0,0.0,0.0,0.0,0.0,0.0,0.0,0.0,0.0,0.0,0.0,0.0,0.0,0.0,0.0,0.0,0.0,0.0,0.0,0.0,0.0,0.0,0.0,0.0,0.0,0.0,0.0,0.0,0.0,0.0,0.0,0.0,0.0,926.350708,783.8931450937498,453.99890720848066,948.784363,292.7281543574241,24.369999,794.186951,26145.59563117948,3.4803627702672464,928.271912,777.087952,4.130512590022189,3.0909160178184556,14.021720078554365,872.0,74.942047,786692.5,1877.8418640663695,935.4314646213596,104.4894025312084,461.410065,157.336197,724.5885712857142,940.7741699999999,444.97168,-422.0,936.1465187500002,3.894716914452403,4.2387279459812675,0.0,4.0,0.0,0.0,0.0,0.0,0.0,0.0,0.0,0.0,128.0,0.0,753.0,0.0,103.0,0.0,172.0,0.0,283.0
23,19,2020-06-11,0.0,0.0,0.0,0.0,0.0,0.0,0.0,0.0,0.0,0.0,0.0,0.0,0.0,0.0,0.0,0.0,0.0,0.0,0.0,0.0,0.0,0.0,0.0,0.0,0.0,0.0,0.0,0.0,0.0,0.0,0.0,0.0,0.0,0.0,0.0,0.0,0.0,0.0,0.0,0.0,0.0,0.0,0.0,0.0,0.0,0.0,0.0,0.0,0.0,0.0,0.0,0.0,924.688416,784.3948721724137,454.34476822268897,945.9486079999999,292.69223280971005,24.369999,794.32782,26006.135333517388,3.3935745262043486,928.28009,778.589172,4.331932933070338,3.5898221529313794,29.445893566945497,872.0,0.732712,786692.5,1865.4402766952128,936.7140275809522,47.105324814350745,463.93957500000005,100.653175,724.5171427142857,944.495728,446.09436,-422.0,937.1529393655173,3.862098103044933,3.9457634502287084,0.0,4.0,0.0,0.0,0.0,0.0,0.0,0.0,0.0,0.0,87.0,0.0,878.0,0.0,105.0,0.0,145.0,0.0,238.0
24,2,2020-06-12,0.0,0.0,0.0,0.0,0.0,0.0,0.0,0.0,0.0,0.0,0.0,0.0,0.0,0.0,0.0,0.0,0.0,0.0,0.0,0.0,0.0,0.0,0.0,0.0,0.0,0.0,0.0,0.0,0.0,0.0,0.0,0.0,0.0,0.0,0.0,0.0,0.0,0.0,0.0,0.0,0.0,0.0,0.0,0.0,0.0,0.0,0.0,0.0,0.0,0.0,0.0,0.0,922.125732,785.1121930707068,452.1140027237357,939.329407,292.5221635413302,24.369999,795.477661,26255.080871891132,3.2921388928717854,924.684265,774.746338,3.57131433110607,3.1989515754389837,2.1822467410257107,872.0,72.326073,786692.5,1808.7100096183258,930.3007732368418,77.08566718884126,459.626251,82.417419,724.1599998571428,937.143005,446.603149,-422.0,930.9725904509806,3.6902097330485883,3.773905467218471,0.0,4.0,0.0,0.0,0.0,0.0,0.0,0.0,0.0,0.0,99.0,0.0,233.0,0.0,76.0,0.0,153.0,0.0,257.0
25,20,2020-06-11,0.0,0.0,0.0,0.0,0.0,0.0,0.0,0.0,0.0,0.0,0.0,0.0,0.0,0.0,0.0,0.0,0.0,0.0,0.0,0.0,0.0,0.0,0.0,0.0,0.0,0.0,0.0,0.0,0.0,0.0,0.0,0.0,0.0,0.0,0.0,0.0,0.0,0.0,0.0,0.0,0.0,0.0,0.0,0.0,0.0,0.0,0.0,0.0,0.0,0.0,0.0,0.0,924.1997680000001,784.621618794872,453.6983099416663,943.095276,293.01349486634507,24.369999,789.894836,25383.806050544914,3.300304365522736,929.008057,778.215637,4.094903080199763,3.2024023487669546,10.716952027610487,872.0,13.209661,786692.5,1786.1952235166673,933.3798969230768,35.5840583557484,462.1843569999999,71.062279,725.1957141428571,940.4559330000001,445.150513,-422.0,934.0277367599998,3.663209643959466,4.150729688521019,0.0,4.0,0.0,0.0,0.0,0.0,0.0,0.0,0.0,0.0,78.0,0.0,461.0,0.0,91.0,0.0,150.0,0.0,240.0
26,21,2020-06-11,0.0,0.0,0.0,0.0,0.0,0.0,0.0,0.0,0.0,0.0,0.0,0.0,0.0,0.0,0.0,0.0,0.0,0.0,0.0,0.0,0.0,0.0,0.0,0.0,0.0,0.0,0.0,0.0,0.0,0.0,0.0,0.0,0.0,0.0,0.0,0.0,0.0,0.0,0.0,0.0,0.0,0.0,0.0,0.0,0.0,0.0,0.0,0.0,0.0,0.0,0.0,0.0,923.913208,783.7041943333331,452.4124293851347,941.965088,292.8608663897983,24.369999,789.602478,26254.973253813812,3.447364833629305,925.02771,773.879211,3.7150183309814184,3.159007935685131,4.886301151021117,872.0,47.790146,786692.5,1890.3159610074492,933.1474624827584,60.9514165,460.295959,70.983597,724.8742855714285,941.040222,444.634796,-422.0,932.1516754852945,3.830815454149579,3.8723589631888475,0.0,4.0,0.0,0.0,0.0,0.0,0.0,0.0,0.0,0.0,75.0,0.0,278.0,0.0,116.0,0.0,136.0,0.0,296.0
27,22,2020-06-11,0.0,0.0,0.0,0.0,0.0,0.0,0.0,0.0,0.0,0.0,0.0,0.0,0.0,0.0,0.0,0.0,0.0,0.0,0.0,0.0,0.0,0.0,0.0,0.0,0.0,0.0,0.0,0.0,0.0,0.0,0.0,0.0,0.0,0.0,0.0,0.0,0.0,0.0,0.0,0.0,0.0,0.0,0.0,0.0,0.0,0.0,0.0,0.0,0.0,0.0,0.0,0.0,923.581116,784.9671544285715,450.5743215501617,941.780945,292.7593725862981,24.369999,793.426392,26190.187267611804,3.6525956882647126,924.741699,778.012634,3.7443726771321195,2.9238895812278396,3.681635808064868,872.0,57.295097,786692.5,1898.0812407047888,932.6993709770117,67.66163709302333,458.955017,77.331383,724.6599998571428,940.266357,441.783081,-422.0,932.7525952485546,3.647048918448628,3.793944674362884,0.0,4.0,0.0,0.0,0.0,0.0,0.0,0.0,0.0,0.0,84.0,0.0,258.0,0.0,87.0,0.0,173.0,0.0,309.0
28,23,2020-06-11,0.0,0.0,0.0,0.0,0.0,0.0,0.0,0.0,0.0,0.0,0.0,0.0,0.0,0.0,0.0,0.0,0.0,0.0,0.0,0.0,0.0,0.0,0.0,0.0,0.0,0.0,0.0,0.0,0.0,0.0,0.0,0.0,0.0,0.0,0.0,0.0,0.0,0.0,0.0,0.0,0.0,0.0,0.0,0.0,0.0,0.0,0.0,0.0,0.0,0.0,0.0,0.0,922.988953,785.0871115204086,451.9384443774315,939.233948,292.58025521154366,24.369999,794.595337,26403.7073328706,3.4031406566183313,924.747864,773.991272,3.4809153918406492,3.4844110285230445,2.8249141017365544,872.0,58.325245,786692.5,1914.647497161262,931.685061029703,67.86742357586209,460.000854,72.83017,724.2671427142857,940.514343,444.725037,-422.0,931.7962036133337,3.9855555146403776,3.7882814201698976,0.0,4.0,0.0,0.0,0.0,0.0,0.0,0.0,0.0,0.0,98.0,0.0,290.0,0.0,101.0,0.0,150.0,0.0,257.0
29,3,2020-06-12,0.0,0.0,0.0,0.0,0.0,0.0,0.0,0.0,0.0,0.0,0.0,0.0,0.0,0.0,0.0,0.0,0.0,0.0,0.0,0.0,0.0,0.0,0.0,0.0,0.0,0.0,0.0,0.0,0.0,0.0,0.0,0.0,0.0,0.0,0.0,0.0,0.0,0.0,0.0,0.0,0.0,0.0,0.0,0.0,0.0,0.0,0.0,0.0,0.0,0.0,0.0,0.0,921.128113,784.8783372291663,452.28638920754724,939.972412,292.5907890104142,24.369999,792.253784,26381.41187782989,3.456023446350887,924.243469,776.627319,3.587510046605594,3.349356472622619,3.794481655452519,872.0,63.801201000000006,786692.5,1831.3625635125197,931.0976420930231,72.3386799502075,459.854858,80.312912,724.3028569999999,935.150635,443.732361,-422.0,930.7546805947718,3.1811691482207474,3.7508168155086037,0.0,4.0,0.0,0.0,0.0,0.0,0.0,0.0,0.0,0.0,96.0,0.0,241.0,0.0,86.0,0.0,153.0,0.0,212.0
30,4,2020-06-12,0.0,0.0,0.0,0.0,0.0,0.0,0.0,0.0,0.0,0.0,0.0,0.0,0.0,0.0,0.0,0.0,0.0,0.0,0.0,0.0,0.0,0.0,0.0,0.0,0.0,0.0,0.0,0.0,0.0,0.0,0.0,0.0,0.0,0.0,0.0,0.0,0.0,0.0,0.0,0.0,0.0,0.0,0.0,0.0,0.0,0.0,0.0,0.0,0.0,0.0,0.0,0.0,922.799988,784.537102235294,451.8989257875001,947.532166,292.55731021597376,24.369999,788.875183,26058.732490674825,3.49542338112168,928.328247,777.160278,4.175310784099011,2.6390584979324387,1.634186877406759,872.0,71.905952,786692.5,1787.7485245748867,931.4884889824558,76.55845767916664,459.524841,80.939423,724.2314284285713,935.106995,443.620789,-422.0,930.8766982922081,3.376502584411451,3.836419080810281,0.0,4.0,0.0,0.0,0.0,0.0,0.0,0.0,0.0,0.0,85.0,0.0,240.0,0.0,57.0,0.0,154.0,0.0,240.0
31,5,2020-06-12,0.0,0.0,0.0,0.0,0.0,0.0,0.0,0.0,0.0,0.0,0.0,0.0,0.0,0.0,0.0,0.0,0.0,0.0,0.0,0.0,0.0,0.0,0.0,0.0,0.0,0.0,0.0,0.0,0.0,0.0,0.0,0.0,0.0,0.0,0.0,0.0,0.0,0.0,0.0,0.0,0.0,0.0,0.0,0.0,0.0,0.0,0.0,0.0,0.0,0.0,0.0,0.0,921.03241,785.0134103246756,452.07814507894733,939.771423,292.710829050516,24.369999,788.988708,26180.615358216128,3.472080460481892,928.250793,776.883057,3.772914827292717,2.8548192859192647,1.7083234923688906,872.0,70.581963,786692.5,1808.9300102233747,931.3879165749998,77.38910016525418,459.116821,81.134811,724.5528569999999,938.79718,444.157043,-422.0,929.5313763426572,3.1823712582907873,3.8024395556523634,0.0,4.0,0.0,0.0,0.0,0.0,0.0,0.0,0.0,0.0,77.0,0.0,236.0,0.0,40.0,0.0,143.0,0.0,228.0
32,6,2020-06-12,0.0,0.0,0.0,0.0,0.0,0.0,0.0,0.0,0.0,0.0,0.0,0.0,0.0,0.0,0.0,0.0,0.0,0.0,0.0,0.0,0.0,0.0,0.0,0.0,0.0,0.0,0.0,0.0,0.0,0.0,0.0,0.0,0.0,0.0,0.0,0.0,0.0,0.0,0.0,0.0,0.0,0.0,0.0,0.0,0.0,0.0,0.0,0.0,0.0,0.0,0.0,0.0,922.016541,784.1473454774778,452.5988955877863,941.925964,292.54106901832125,24.369999,792.529175,26194.11875786717,3.6718024967671483,926.368408,776.651245,3.891761864249718,3.6235076138955407,6.75250972393929,872.0,70.696808,786692.5,1799.4776215803854,933.806162292683,85.61339242516999,463.514404,96.988075,724.1957141428571,943.4151,442.740753,-422.0,931.1253067986577,3.3922251981622535,3.8828142016989764,0.0,4.0,0.0,0.0,0.0,0.0,0.0,0.0,0.0,0.0,111.0,0.0,294.0,0.0,123.0,0.0,149.0,0.0,262.0
33,7,2020-06-12,0.0,0.0,0.0,0.0,0.0,0.0,0.0,0.0,0.0,0.0,0.0,0.0,0.0,0.0,0.0,0.0,0.0,0.0,0.0,0.0,0.0,0.0,0.0,0.0,0.0,0.0,0.0,0.0,0.0,0.0,0.0,0.0,0.0,0.0,0.0,0.0,0.0,0.0,0.0,0.0,0.0,0.0,0.0,0.0,0.0,0.0,0.0,0.0,0.0,0.0,0.0,0.0,923.7795409999999,787.5370258888885,457.0404234465118,944.8520510000001,292.7660775483541,24.369999,798.943604,25864.213717676677,4.290236995448601,932.227234,777.215027,4.31358521903576,2.905352337341555,317.46358398705553,872.0,79.266502,786692.5,1753.7757423904582,936.167181729412,948.0940360074079,465.622192,1120.643188,724.6599998571428,943.081848,448.06802400000004,-422.0,935.0092614863016,4.739744900813141,5.95905031583533,0.0,4.0,0.0,0.0,0.0,0.0,0.0,0.0,0.0,0.0,117.0,0.0,675.0,0.0,85.0,0.0,146.0,0.0,215.0
34,8,2020-06-12,0.0,0.0,0.0,0.0,0.0,0.0,0.0,0.0,0.0,0.0,0.0,0.0,0.0,0.0,0.0,0.0,0.0,0.0,0.0,0.0,0.0,0.0,0.0,0.0,0.0,0.0,0.0,0.0,0.0,0.0,0.0,0.0,0.0,0.0,0.0,0.0,0.0,0.0,0.0,0.0,0.0,0.0,0.0,0.0,0.0,0.0,0.0,0.0,0.0,0.0,0.0,0.0,928.129883,793.3987450776701,459.46436266995045,961.4345700000001,293.3403528641007,24.369999,814.340149,24845.220032673624,3.2142693566357257,932.646606,781.990967,8.05071714186817,4.497588709612567,32.90739100957143,872.0,879.658936,786692.5,1676.3908500072855,941.4722290285715,946.4962423376966,466.33584599999995,1016.425293,725.8742855714285,949.2796019999998,452.36267100000003,-422.0,939.8206203602942,6.531934195444504,5.292528860814637,0.0,4.0,0.0,0.0,0.0,0.0,0.0,0.0,0.0,0.0,103.0,0.0,764.0,0.0,70.0,0.0,136.0,0.0,203.0
35,9,2020-06-12,0.0,0.0,0.0,0.0,0.0,0.0,0.0,0.0,0.0,0.0,0.0,0.0,0.0,0.0,0.0,0.0,0.0,0.0,0.0,0.0,0.0,0.0,0.0,0.0,0.0,0.0,0.0,0.0,0.0,0.0,0.0,0.0,0.0,0.0,0.0,0.0,0.0,0.0,0.0,0.0,0.0,0.0,0.0,0.0,0.0,0.0,0.0,0.0,0.0,0.0,0.0,0.0,929.509949,787.658204894231,459.0427525384616,945.6771240000002,293.21719169797996,24.369999,797.814941,26243.582051873374,3.2829533325744054,932.8206789999999,779.51709,3.954318006659747,4.355143518294098,26.745790683047037,872.0,810.974487,786692.5,1832.2546919771726,942.4773439906544,885.8128990455527,467.296875,936.887085,725.6242855714285,952.298035,451.724731,-422.0,938.2204960133337,3.6329387733703298,4.792855587018079,0.0,4.0,0.0,0.0,0.0,0.0,0.0,0.0,0.0,0.0,104.0,0.0,922.0,0.0,107.0,0.0,150.0,0.0,221.0
36,0,2020-06-11,0.0,0.0,0.0,0.0,0.0,0.0,0.0,0.0,0.0,0.0,0.0,0.0,0.0,0.0,0.0,0.0,0.0,0.0,0.0,0.0,0.0,0.0,0.0,0.0,0.0,0.0,0.0,0.0,0.0,0.0,0.0,0.0,0.0,0.0,0.0,0.0,0.0,0.0,0.0,0.0,0.0,0.0,0.0,0.0,0.0,0.0,0.0,0.0,0.0,0.0,0.0,0.0,916.79834,775.408833082569,451.3681763167259,935.756836,292.54106901832125,24.369999,782.503723,37350.61061143823,3.2103904149605955,932.488953,766.581665,3.890691886009215,3.2237753698228975,3.707690689148429,872.0,60.378742,2033303.25,2315.408334607931,940.8109785789474,68.37269306666667,457.400787,75.824905,724.1957141428571,949.126282,443.608276,-422.0,925.9855550217391,3.6606056650482905,3.876279677630146,0.0,4.0,0.0,0.0,0.0,0.0,0.0,0.0,0.0,0.0,109.0,0.0,225.0,0.0,95.0,0.0,138.0,0.0,281.0
37,1,2020-06-11,0.0,0.0,0.0,0.0,0.0,0.0,0.0,0.0,0.0,0.0,0.0,0.0,0.0,0.0,0.0,0.0,0.0,0.0,0.0,0.0,0.0,0.0,0.0,0.0,0.0,0.0,0.0,0.0,0.0,0.0,0.0,0.0,0.0,0.0,0.0,0.0,0.0,0.0,0.0,0.0,0.0,0.0,0.0,0.0,0.0,0.0,0.0,0.0,0.0,0.0,0.0,0.0,918.542969,775.9955719711542,450.89776697444137,936.206604,292.40904419287307,24.369999,783.922485,25796.38645560958,3.258971204518449,937.011353,767.462463,3.7487975983354622,2.6199801686378303,3.543136426175753,872.0,63.01552199999999,786692.5,1756.300502400588,940.0417666779663,70.33861381904758,457.754883,76.092461,723.9099998571428,942.974487,443.56488,-422.0,926.6816592721091,3.836578798342458,3.8298845567414506,0.0,4.0,0.0,0.0,0.0,0.0,0.0,0.0,0.0,0.0,104.0,0.0,210.0,0.0,59.0,0.0,147.0,0.0,313.0
38,10,2020-06-11,0.0,0.0,0.0,0.0,0.0,0.0,0.0,0.0,0.0,0.0,0.0,0.0,0.0,0.0,0.0,0.0,0.0,0.0,0.0,0.0,0.0,0.0,0.0,0.0,0.0,0.0,0.0,0.0,0.0,0.0,0.0,0.0,0.0,0.0,0.0,0.0,0.0,0.0,0.0,0.0,0.0,0.0,0.0,0.0,0.0,0.0,0.0,0.0,0.0,0.0,0.0,0.0,925.527466,788.9217924369743,460.9679717801726,945.5568240000001,293.0308474186285,24.369999,840.537537,26502.516394389637,3.386002163884327,938.270325,778.146484,4.0040834756958175,6.991340961380959,7.896819099402768,872.0,807.604492,786692.5,1851.3379719084985,952.2153859058818,843.198354050946,468.222137,858.415222,725.2314284285713,964.5853270000001,453.785034,-422.0,935.4558037062936,8.76261234325895,4.3045088216074925,0.0,4.0,0.0,0.0,0.0,0.0,0.0,0.0,0.0,0.0,119.0,0.0,687.0,0.0,85.0,0.0,143.0,0.0,232.0
39,11,2020-06-11,0.0,0.0,0.0,0.0,0.0,0.0,0.0,0.0,0.0,0.0,0.0,0.0,0.0,0.0,0.0,0.0,0.0,0.0,0.0,0.0,0.0,0.0,0.0,0.0,0.0,0.0,0.0,0.0,0.0,0.0,0.0,0.0,0.0,0.0,0.0,0.0,0.0,0.0,0.0,0.0,0.0,0.0,0.0,0.0,0.0,0.0,0.0,0.0,0.0,0.0,0.0,0.0,928.253967,787.3592614766357,460.3238062564105,949.0063480000001,293.1699737657324,24.369999,816.842957,26356.76771343274,3.390859837783397,954.317383,776.732178,4.2889440543038155,5.063348303253002,13.607055605130732,872.0,797.194946,786692.5,1833.5739252067074,963.2823767105269,841.9594805918928,469.04782100000006,867.98584,725.5171427142857,975.553772,453.295319,-422.0,937.4897292916663,4.928583527009885,4.302766281855805,0.0,4.0,0.0,0.0,0.0,0.0,0.0,0.0,0.0,0.0,107.0,0.0,740.0,0.0,76.0,0.0,120.0,0.0,234.0
40,12,2020-06-11,0.0,0.0,0.0,0.0,0.0,0.0,0.0,0.0,0.0,0.0,0.0,0.0,0.0,0.0,0.0,0.0,0.0,0.0,0.0,0.0,0.0,0.0,0.0,0.0,0.0,0.0,0.0,0.0,0.0,0.0,0.0,0.0,0.0,0.0,0.0,0.0,0.0,0.0,0.0,0.0,0.0,0.0,0.0,0.0,0.0,0.0,0.0,0.0,0.0,0.0,0.0,0.0,928.33606,789.3496913636368,458.89648765517245,948.0897220000002,293.28567257896606,24.369999,841.661865,26146.686675467434,3.7086338420298435,951.8458859999998,780.988464,4.223261751244844,3.5491089513077516,12.170283902698765,872.0,822.034485,786692.5,1809.073780741707,959.7413771386133,869.4804559044512,468.81481899999994,906.0651860000002,725.7671427142857,967.335144,451.66018700000006,-422.0,937.6457278707479,10.254719026279858,4.403615769984753,0.0,4.0,0.0,0.0,0.0,0.0,0.0,0.0,0.0,0.0,99.0,0.0,764.0,0.0,101.0,0.0,147.0,0.0,232.0
41,13,2020-06-11,0.0,0.0,0.0,0.0,0.0,0.0,0.0,0.0,0.0,0.0,0.0,0.0,0.0,0.0,0.0,0.0,0.0,0.0,0.0,0.0,0.0,0.0,0.0,0.0,0.0,0.0,0.0,0.0,0.0,0.0,0.0,0.0,0.0,0.0,0.0,0.0,0.0,0.0,0.0,0.0,0.0,0.0,0.0,0.0,0.0,0.0,0.0,0.0,0.0,0.0,0.0,0.0,926.270386,789.6043244945058,458.5663356790121,949.2546390000001,293.4943725058531,24.369999,797.694153,26440.73774814889,3.534528752432928,956.3101200000001,781.874023,4.240978047593447,6.697718421727505,8.732080663059095,872.0,837.988281,786692.5,1851.5744787753722,968.985988,872.3196880924938,466.772034,888.188721,726.1957141428571,981.6195069999999,451.254395,-422.0,939.183346,4.206288499902958,4.285340884338924,0.0,4.0,0.0,0.0,0.0,0.0,0.0,0.0,0.0,0.0,91.0,0.0,746.0,0.0,82.0,0.0,150.0,0.0,243.0
42,14,2020-06-11,0.0,0.0,0.0,0.0,0.0,0.0,0.0,0.0,0.0,0.0,0.0,0.0,0.0,0.0,0.0,0.0,0.0,0.0,0.0,0.0,0.0,0.0,0.0,0.0,0.0,0.0,0.0,0.0,0.0,0.0,0.0,0.0,0.0,0.0,0.0,0.0,0.0,0.0,0.0,0.0,0.0,0.0,0.0,0.0,0.0,0.0,0.0,0.0,0.0,0.0,0.0,0.0,928.515564,790.4374791704544,458.0896178915094,955.3259889999999,293.1374996983826,24.369999,802.995422,26201.411279206335,3.717393044774409,955.2205810000002,782.15802,5.419673541246961,4.6848355597163485,23.0153098725844,872.0,827.453125,786692.5,1855.409419552196,968.2973173608245,884.1754557686829,467.126953,922.050049,725.4457141428571,976.5172119999999,448.175751,-422.0,941.841490040541,4.534007304308364,4.301023742104117,0.0,4.0,0.0,0.0,0.0,0.0,0.0,0.0,0.0,0.0,88.0,0.0,562.0,0.0,97.0,0.0,148.0,0.0,212.0
43,15,2020-06-11,0.0,0.0,0.0,0.0,0.0,0.0,0.0,0.0,0.0,0.0,0.0,0.0,0.0,0.0,0.0,0.0,0.0,0.0,0.0,0.0,0.0,0.0,0.0,0.0,0.0,0.0,0.0,0.0,0.0,0.0,0.0,0.0,0.0,0.0,0.0,0.0,0.0,0.0,0.0,0.0,0.0,0.0,0.0,0.0,0.0,0.0,0.0,0.0,0.0,0.0,0.0,0.0,928.3617550000001,789.3860032857144,457.3167761638657,954.9641719999998,293.35507535662873,24.369999,799.194824,26309.72148117083,3.6268592781338977,950.194885,779.543518,4.8135813679093715,5.466113166037798,12.199599402693064,872.0,856.108398,786692.5,1873.9956897175991,964.3822886521737,913.2152649183681,468.18759199999994,934.220459,725.9099998571428,976.99408,449.599762,-422.0,941.295084578617,4.162928838571655,4.270529296449575,0.0,4.0,0.0,0.0,0.0,0.0,0.0,0.0,0.0,0.0,119.0,0.0,784.0,0.0,115.0,0.0,159.0,0.0,238.0
44,16,2020-06-11,0.0,0.0,0.0,0.0,0.0,0.0,0.0,0.0,0.0,0.0,0.0,0.0,0.0,0.0,0.0,0.0,0.0,0.0,0.0,0.0,0.0,0.0,0.0,0.0,0.0,0.0,0.0,0.0,0.0,0.0,0.0,0.0,0.0,0.0,0.0,0.0,0.0,0.0,0.0,0.0,0.0,0.0,0.0,0.0,0.0,0.0,0.0,0.0,0.0,0.0,0.0,0.0,927.301025,789.0851208260872,456.2842790188681,953.7243040000001,293.0311002044454,24.369999,795.438904,26456.816446437628,4.052881132281025,932.095154,780.016724,4.665453301455917,9.892423253623033,5.850782458815769,872.0,894.011475,786692.5,1903.6511113487852,946.6453298192769,930.8099442951877,465.294434,943.8905030000001,725.2314284285713,970.9407960000001,446.612549,-422.0,941.088456822369,3.720712955966923,4.163580919189719,0.0,4.0,0.0,0.0,0.0,0.0,0.0,0.0,0.0,0.0,92.0,0.0,769.0,0.0,83.0,0.0,152.0,0.0,212.0
45,17,2020-06-10,0.0,0.0,0.0,0.0,0.0,0.0,0.0,0.0,0.0,0.0,0.0,0.0,0.0,0.0,0.0,0.0,0.0,0.0,0.0,0.0,0.0,0.0,0.0,0.0,0.0,0.0,0.0,0.0,0.0,0.0,0.0,0.0,0.0,0.0,0.0,0.0,0.0,0.0,0.0,0.0,0.0,0.0,0.0,0.0,0.0,0.0,0.0,0.0,0.0,0.0,0.0,0.0,920.61261,776.109992648148,456.8712024519231,938.5512700000002,295.20568568292157,24.369999,784.600464,27499.922963038836,3.5257042289561222,942.633789,768.590637,3.669050531682837,3.7047477053995106,33.57124138814023,872.0,836.966248,786692.5,2029.80363006797,948.626194666667,882.9271626638066,464.955383,978.149902,725.9576189047618,954.460815,449.397491,-422.0,928.4290038962965,3.685920581055271,3.5998693095186236,0.0,3.0,0.0,0.0,0.0,0.0,0.0,0.0,0.0,0.0,108.0,0.0,583.0,0.0,75.0,0.0,135.0,0.0,208.0
46,18,2020-06-10,0.0,0.0,0.0,0.0,0.0,0.0,0.0,0.0,0.0,0.0,0.0,0.0,0.0,0.0,0.0,0.0,0.0,0.0,0.0,0.0,0.0,0.0,0.0,0.0,0.0,0.0,0.0,0.0,0.0,0.0,0.0,0.0,0.0,0.0,0.0,0.0,0.0,0.0,0.0,0.0,0.0,0.0,0.0,0.0,0.0,0.0,0.0,0.0,0.0,0.0,0.0,0.0,914.762878,774.7762714411764,452.79229603349285,935.524597,292.81090314238554,24.369999,783.849426,25988.987116994194,3.350457612083623,940.227905,762.124817,3.935152408592923,3.4429828802467535,57.99430552467329,872.0,16.410978,786692.5,1837.3197205941879,947.3953958854162,82.50434006585364,460.27829,491.690399,724.7671427142857,953.858948,445.896057,-422.0,925.0720186434107,3.883125725810044,4.203441516009584,0.0,4.0,0.0,0.0,0.0,0.0,0.0,0.0,0.0,0.0,102.0,0.0,410.0,0.0,96.0,0.0,129.0,0.0,209.0
47,19,2020-06-10,0.0,0.0,0.0,0.0,0.0,0.0,0.0,0.0,0.0,0.0,0.0,0.0,0.0,0.0,0.0,0.0,0.0,0.0,0.0,0.0,0.0,0.0,0.0,0.0,0.0,0.0,0.0,0.0,0.0,0.0,0.0,0.0,0.0,0.0,0.0,0.0,0.0,0.0,0.0,0.0,0.0,0.0,0.0,0.0,0.0,0.0,0.0,0.0,0.0,0.0,0.0,0.0,918.578491,776.0756275510206,453.08972596116485,935.562988,292.84447038498,24.369999,786.054871,26504.26893864213,3.4297537197076666,939.457642,766.644287,3.8981508994046483,3.2699919985887806,16.878966072608737,872.0,20.010572,786692.5,1906.6794588855416,946.7685038583331,51.56002347637796,459.613495,74.680466,724.8385712857142,955.109253,445.622284,-422.0,926.264407991304,3.927183158381577,3.775648006970159,0.0,4.0,0.0,0.0,0.0,0.0,0.0,0.0,0.0,0.0,98.0,0.0,254.0,0.0,120.0,0.0,115.0,0.0,206.0
48,2,2020-06-11,0.0,0.0,0.0,0.0,0.0,0.0,0.0,0.0,0.0,0.0,0.0,0.0,0.0,0.0,0.0,0.0,0.0,0.0,0.0,0.0,0.0,0.0,0.0,0.0,0.0,0.0,0.0,0.0,0.0,0.0,0.0,0.0,0.0,0.0,0.0,0.0,0.0,0.0,0.0,0.0,0.0,0.0,0.0,0.0,0.0,0.0,0.0,0.0,0.0,0.0,0.0,0.0,917.998535,775.732077232323,450.44065402554764,934.983459,292.17871283985187,24.369999,784.244324,25744.08537734164,3.4883657034884727,932.520386,768.677246,3.5559974216253383,3.2535095862658205,1.838505349928711,872.0,67.003815,786692.5,1762.2973504139427,940.4363377304345,71.12014216161617,458.129089,75.848999,723.4099998571428,948.502686,442.173676,-422.0,925.8689411231887,3.7153397029519457,3.7904595948595077,0.0,4.0,0.0,0.0,0.0,0.0,0.0,0.0,0.0,0.0,99.0,0.0,198.0,0.0,115.0,0.0,138.0,0.0,274.0
49,20,2020-06-10,0.0,0.0,0.0,0.0,0.0,0.0,0.0,0.0,0.0,0.0,0.0,0.0,0.0,0.0,0.0,0.0,0.0,0.0,0.0,0.0,0.0,0.0,0.0,0.0,0.0,0.0,0.0,0.0,0.0,0.0,0.0,0.0,0.0,0.0,0.0,0.0,0.0,0.0,0.0,0.0,0.0,0.0,0.0,0.0,0.0,0.0,0.0,0.0,0.0,0.0,0.0,0.0,917.715088,776.596148737864,452.4720211822035,934.462158,292.9968952184331,24.369999,786.087341,25901.222702927244,3.4577201627845664,934.533386,769.730286,3.582372085903067,3.722568013807191,4.010861720375551,872.0,27.306513,786692.5,1838.1906003049573,943.692143991304,34.341547167315184,460.978607,43.014645,725.1599998571428,952.330261,445.966675,-422.0,925.6917194966886,3.8921060381698274,3.98061424526247,0.0,4.0,0.0,0.0,0.0,0.0,0.0,0.0,0.0,0.0,103.0,0.0,257.0,0.0,115.0,0.0,151.0,0.0,236.0
50,21,2020-06-10,0.0,0.0,0.0,0.0,0.0,0.0,0.0,0.0,0.0,0.0,0.0,0.0,0.0,0.0,0.0,0.0,0.0,0.0,0.0,0.0,0.0,0.0,0.0,0.0,0.0,0.0,0.0,0.0,0.0,0.0,0.0,0.0,0.0,0.0,0.0,0.0,0.0,0.0,0.0,0.0,0.0,0.0,0.0,0.0,0.0,0.0,0.0,0.0,0.0,0.0,0.0,0.0,917.009583,777.2410797768594,452.5464269481482,934.853821,293.06389298169876,24.369999,783.056946,25358.18970331072,3.3204636004526242,935.672852,770.9646,3.4445392150781617,3.2257456318918774,2.734775248353546,872.0,32.588287,786692.5,1777.02760471258,943.0701711851851,42.48466955281687,460.162537,47.086411,725.3028569999999,946.9049680000002,444.779388,-422.0,926.2569139036146,3.6608285111602106,4.0357220649096055,0.0,4.0,0.0,0.0,0.0,0.0,0.0,0.0,0.0,0.0,121.0,0.0,284.0,0.0,54.0,0.0,166.0,0.0,270.0
51,22,2020-06-10,0.0,0.0,0.0,0.0,0.0,0.0,0.0,0.0,0.0,0.0,0.0,0.0,0.0,0.0,0.0,0.0,0.0,0.0,0.0,0.0,0.0,0.0,0.0,0.0,0.0,0.0,0.0,0.0,0.0,0.0,0.0,0.0,0.0,0.0,0.0,0.0,0.0,0.0,0.0,0.0,0.0,0.0,0.0,0.0,0.0,0.0,0.0,0.0,0.0,0.0,0.0,0.0,917.857422,775.9921985045047,451.62934235135106,934.738708,292.59585228895446,24.369999,782.508423,26170.352419479557,3.357203917542962,934.686096,767.496216,3.6650950299025635,3.2984403402658855,4.256085021262397,872.0,45.129349,786692.5,1881.844341094568,942.4529141212118,62.30875232227484,460.849884,67.019653,724.3028569999999,950.269836,444.636993,-422.0,926.9804872971018,3.6208284939535544,3.8048355478109346,0.0,4.0,0.0,0.0,0.0,0.0,0.0,0.0,0.0,0.0,111.0,0.0,211.0,0.0,66.0,0.0,138.0,0.0,259.0
52,23,2020-06-10,0.0,0.0,0.0,0.0,0.0,0.0,0.0,0.0,0.0,0.0,0.0,0.0,0.0,0.0,0.0,0.0,0.0,0.0,0.0,0.0,0.0,0.0,0.0,0.0,0.0,0.0,0.0,0.0,0.0,0.0,0.0,0.0,0.0,0.0,0.0,0.0,0.0,0.0,0.0,0.0,0.0,0.0,0.0,0.0,0.0,0.0,0.0,0.0,0.0,0.0,0.0,0.0,918.250488,777.0783834042552,452.40598016228074,936.915283,292.42532891019215,24.369999,787.030518,25885.457264533383,3.3168485292893863,933.696533,771.281372,3.7037305265715665,3.320597781761381,3.6193408642565927,872.0,64.563309,786692.5,1852.451888718007,941.8805376610169,73.36777798168495,459.845978,79.264977,723.9457141428571,950.039917,443.547577,-422.0,927.2262635000003,3.7852363910036337,3.8004791984317143,0.0,4.0,0.0,0.0,0.0,0.0,0.0,0.0,0.0,0.0,94.0,0.0,273.0,0.0,118.0,0.0,148.0,0.0,228.0
53,3,2020-06-11,0.0,0.0,0.0,0.0,0.0,0.0,0.0,0.0,0.0,0.0,0.0,0.0,0.0,0.0,0.0,0.0,0.0,0.0,0.0,0.0,0.0,0.0,0.0,0.0,0.0,0.0,0.0,0.0,0.0,0.0,0.0,0.0,0.0,0.0,0.0,0.0,0.0,0.0,0.0,0.0,0.0,0.0,0.0,0.0,0.0,0.0,0.0,0.0,0.0,0.0,0.0,0.0,918.687073,775.7985831829272,450.56583841911777,936.789673,292.40904419287307,24.369999,784.246399,25625.409678892385,3.6183902993376535,935.886963,767.645081,3.9623782754056616,3.3841995721101346,3.078737015221189,872.0,67.099983,786692.5,1748.7769469845148,941.1456550117646,72.67512416071435,458.275726,82.981529,723.9099998571428,947.810181,442.357056,-422.0,927.2153349324325,3.7590313927036525,3.856458287954694,0.0,4.0,0.0,0.0,0.0,0.0,0.0,0.0,0.0,0.0,82.0,0.0,224.0,0.0,85.0,0.0,148.0,0.0,272.0
54,4,2020-06-11,0.0,0.0,0.0,0.0,0.0,0.0,0.0,0.0,0.0,0.0,0.0,0.0,0.0,0.0,0.0,0.0,0.0,0.0,0.0,0.0,0.0,0.0,0.0,0.0,0.0,0.0,0.0,0.0,0.0,0.0,0.0,0.0,0.0,0.0,0.0,0.0,0.0,0.0,0.0,0.0,0.0,0.0,0.0,0.0,0.0,0.0,0.0,0.0,0.0,0.0,0.0,0.0,918.777405,776.0098247244899,451.7573384610171,936.808289,292.54018278497006,24.369999,784.646667,25882.172471603626,3.2889992674827804,934.299072,768.119263,3.692286165736051,3.329968623491948,2.595438145405856,872.0,70.647812,786692.5,1785.5710749999264,941.9325226902655,77.12383177622381,459.522217,83.053322,724.1957141428571,951.306641,444.129608,-422.0,928.3664095389611,3.6361467407691452,3.7869745153561314,0.0,4.0,0.0,0.0,0.0,0.0,0.0,0.0,0.0,0.0,98.0,0.0,286.0,0.0,113.0,0.0,154.0,0.0,295.0
55,5,2020-06-11,0.0,0.0,0.0,0.0,0.0,0.0,0.0,0.0,0.0,0.0,0.0,0.0,0.0,0.0,0.0,0.0,0.0,0.0,0.0,0.0,0.0,0.0,0.0,0.0,0.0,0.0,0.0,0.0,0.0,0.0,0.0,0.0,0.0,0.0,0.0,0.0,0.0,0.0,0.0,0.0,0.0,0.0,0.0,0.0,0.0,0.0,0.0,0.0,0.0,0.0,0.0,0.0,919.56897,776.1262630113633,452.241898987654,938.184326,292.3756984086542,24.369999,784.281067,25691.91372626235,3.386085812853485,935.373779,768.216736,3.865072221206613,3.763726589401206,4.073657407469197,872.0,70.776009,786692.5,1761.8467773335883,941.5479183773582,79.81824458252427,459.145294,93.586227,723.8385712857142,951.341309,444.754761,-422.0,928.714420648148,3.666294158069817,3.8499237638858634,0.0,4.0,0.0,0.0,0.0,0.0,0.0,0.0,0.0,0.0,88.0,0.0,412.0,0.0,53.0,0.0,162.0,0.0,324.0
56,6,2020-06-11,0.0,0.0,0.0,0.0,0.0,0.0,0.0,0.0,0.0,0.0,0.0,0.0,0.0,0.0,0.0,0.0,0.0,0.0,0.0,0.0,0.0,0.0,0.0,0.0,0.0,0.0,0.0,0.0,0.0,0.0,0.0,0.0,0.0,0.0,0.0,0.0,0.0,0.0,0.0,0.0,0.0,0.0,0.0,0.0,0.0,0.0,0.0,0.0,0.0,0.0,0.0,0.0,918.448669,774.8165701413043,453.2843904871796,939.111389,292.3922473690885,24.369999,783.944092,26088.80991975912,3.5301523965035173,934.205811,768.182678,4.1903542473545485,3.3653291839877104,10.622437273846193,872.0,70.325104,786692.5,1804.022261364953,942.1996867023809,90.54360953592237,462.734009,110.172356,723.8742855714285,950.353699,444.532013,-422.0,928.8011853642857,3.7945691779723743,3.811370071879765,0.0,4.0,0.0,0.0,0.0,0.0,0.0,0.0,0.0,0.0,92.0,0.0,515.0,0.0,84.0,0.0,140.0,0.0,312.0
57,7,2020-06-11,0.0,0.0,0.0,0.0,0.0,0.0,0.0,0.0,0.0,0.0,0.0,0.0,0.0,0.0,0.0,0.0,0.0,0.0,0.0,0.0,0.0,0.0,0.0,0.0,0.0,0.0,0.0,0.0,0.0,0.0,0.0,0.0,0.0,0.0,0.0,0.0,0.0,0.0,0.0,0.0,0.0,0.0,0.0,0.0,0.0,0.0,0.0,0.0,0.0,0.0,0.0,0.0,916.0059810000001,773.2980282,454.3291945942625,934.203979,292.2277793069801,24.369999,784.104492,25518.101963666442,3.889604360630994,938.5904540000001,764.046997,4.0723043872886615,3.132461748608487,263.58394621703695,872.0,91.619164,786692.5,1721.2275592217024,942.6172425166665,1003.0547848588242,463.280945,1235.749023,723.5171427142857,949.103577,445.986023,-422.0,927.0082843404253,3.927320630568291,5.837072533217164,0.0,4.0,0.0,0.0,0.0,0.0,0.0,0.0,0.0,0.0,95.0,0.0,510.0,0.0,60.0,0.0,141.0,0.0,244.0
58,8,2020-06-11,0.0,0.0,0.0,0.0,0.0,0.0,0.0,0.0,0.0,0.0,0.0,0.0,0.0,0.0,0.0,0.0,0.0,0.0,0.0,0.0,0.0,0.0,0.0,0.0,0.0,0.0,0.0,0.0,0.0,0.0,0.0,0.0,0.0,0.0,0.0,0.0,0.0,0.0,0.0,0.0,0.0,0.0,0.0,0.0,0.0,0.0,0.0,0.0,0.0,0.0,0.0,0.0,922.984192,780.1954914022991,463.82199491512915,941.9512940000001,292.96608156277176,24.369999,790.836548,25486.096709326655,3.795223847005883,938.099792,768.732422,3.9666899895993035,4.39208716042752,33.28017662596122,872.0,890.8552860000001,786692.5,1718.708690607743,947.6658149726028,957.1467841459403,471.66088899999994,1024.741211,725.0885712857142,959.5579829999999,451.053955,-422.0,932.510219021429,6.765348628874897,5.349597037682422,0.0,4.0,0.0,0.0,0.0,0.0,0.0,0.0,0.0,0.0,87.0,0.0,788.0,0.0,73.0,0.0,140.0,0.0,271.0
59,9,2020-06-11,0.0,0.0,0.0,0.0,0.0,0.0,0.0,0.0,0.0,0.0,0.0,0.0,0.0,0.0,0.0,0.0,0.0,0.0,0.0,0.0,0.0,0.0,0.0,0.0,0.0,0.0,0.0,0.0,0.0,0.0,0.0,0.0,0.0,0.0,0.0,0.0,0.0,0.0,0.0,0.0,0.0,0.0,0.0,0.0,0.0,0.0,0.0,0.0,0.0,0.0,0.0,0.0,925.187988,785.8345252873561,462.15683335123987,943.507751,293.1880344042212,24.369999,795.359314,26184.614256348665,3.2305667017130886,938.752747,779.437683,4.048724081855158,4.958583864689095,19.986086482410222,872.0,831.021729,786692.5,1807.55599517782,949.7835673606556,874.112814750368,470.38769500000006,920.496155,725.5528569999999,959.974304,454.893585,-422.0,933.7062177032251,3.8509297105932543,4.536266608582008,0.0,4.0,0.0,0.0,0.0,0.0,0.0,0.0,0.0,0.0,87.0,0.0,681.0,0.0,61.0,0.0,155.0,0.0,242.0
60,0,2020-06-10,0.0,0.0,0.0,0.0,0.0,0.0,0.0,0.0,0.0,0.0,0.0,0.0,0.0,0.0,0.0,0.0,0.0,0.0,0.0,0.0,0.0,0.0,0.0,0.0,0.0,0.0,0.0,0.0,0.0,0.0,0.0,0.0,0.0,0.0,0.0,0.0,0.0,0.0,0.0,0.0,0.0,0.0,0.0,0.0,0.0,0.0,0.0,0.0,0.0,0.0,0.0,0.0,922.622437,771.2531597564106,454.16050190095854,940.863708,292.1629803074627,24.369999,778.22644,38016.19454494177,3.571103291663345,934.018982,765.770508,3.856044201654822,3.56178116177738,2.08476197674199,872.0,74.581383,2029017.875,2404.920653379807,941.5819756435646,79.803397448468,462.094818,86.589958,723.3742855714285,947.918274,446.457001,-422.0,931.8369940853669,3.589264082126857,3.714223480723154,0.0,4.0,0.0,0.0,0.0,0.0,0.0,0.0,0.0,0.0,78.0,0.0,359.0,0.0,101.0,0.0,164.0,0.0,313.0
61,1,2020-06-10,0.0,0.0,0.0,0.0,0.0,0.0,0.0,0.0,0.0,0.0,0.0,0.0,0.0,0.0,0.0,0.0,0.0,0.0,0.0,0.0,0.0,0.0,0.0,0.0,0.0,0.0,0.0,0.0,0.0,0.0,0.0,0.0,0.0,0.0,0.0,0.0,0.0,0.0,0.0,0.0,0.0,0.0,0.0,0.0,0.0,0.0,0.0,0.0,0.0,0.0,0.0,0.0,925.037048,772.2123837176468,455.3581771000001,942.673096,291.9629879304415,24.369999,779.700806,25931.12083707458,3.524456780435774,935.366272,765.50531,3.864978765675649,3.5351441237743173,9.499481291587285,872.0,76.403435,786692.5,1782.183774361953,942.4060156949154,90.0699964338235,463.273773,117.25943,722.9457141428571,948.458984,446.956238,-422.0,933.4348191964286,3.440441754350672,3.7272925288608145,0.0,4.0,0.0,0.0,0.0,0.0,0.0,0.0,0.0,0.0,85.0,0.0,544.0,0.0,118.0,0.0,168.0,0.0,320.0
62,10,2020-06-10,0.0,0.0,0.0,0.0,0.0,0.0,0.0,0.0,0.0,0.0,0.0,0.0,0.0,0.0,0.0,0.0,0.0,0.0,0.0,0.0,0.0,0.0,0.0,0.0,0.0,0.0,0.0,0.0,0.0,0.0,0.0,0.0,0.0,0.0,0.0,0.0,0.0,0.0,0.0,0.0,0.0,0.0,0.0,0.0,0.0,0.0,0.0,0.0,0.0,0.0,0.0,0.0,925.231018,792.70135015,458.71726571770324,943.7608639999999,292.979784455676,24.369999,811.57782,26475.23266581301,3.5668631059062257,948.2555539999998,783.16333,4.184625645909577,4.884174640135358,9.456023252147043,872.0,835.579224,786692.5,1831.2383198553525,958.5392211749999,868.6855382764223,465.114685,886.243225,725.1242855714285,968.940491,450.902466,-422.0,933.1830331301372,6.405546855176231,4.294271400566325,0.0,4.0,0.0,0.0,0.0,0.0,0.0,0.0,18.0,0.0,100.0,0.0,738.0,0.0,120.0,0.0,146.0,0.0,209.0
63,11,2020-06-10,0.0,0.0,0.0,0.0,0.0,0.0,0.0,0.0,0.0,0.0,0.0,0.0,0.0,0.0,0.0,0.0,0.0,0.0,0.0,0.0,0.0,0.0,0.0,0.0,0.0,0.0,0.0,0.0,0.0,0.0,0.0,0.0,0.0,0.0,0.0,0.0,0.0,0.0,0.0,0.0,0.0,0.0,0.0,0.0,0.0,0.0,0.0,0.0,0.0,0.0,0.0,0.0,922.489258,807.3920139545455,464.57528026254846,943.979126,293.2168127598206,24.369999,819.082642,26857.336197592074,4.461889097282886,944.250549,798.125061,4.164511422762878,3.7847920131876482,20.873358076009648,872.0,755.678101,786692.5,1868.0452356281587,951.9736708632481,837.0069919858356,475.20687899999996,874.481079,725.6242855714285,960.5285029999999,453.517609,-422.0,935.2657515441178,5.330796192291711,4.218035286429972,0.0,4.0,0.0,0.0,0.0,0.0,0.0,0.0,0.0,0.0,66.0,0.0,706.0,0.0,117.0,0.0,136.0,0.0,259.0
64,12,2020-06-10,0.0,0.0,0.0,0.0,0.0,0.0,0.0,0.0,0.0,0.0,0.0,0.0,0.0,0.0,0.0,0.0,0.0,0.0,0.0,0.0,0.0,0.0,0.0,0.0,0.0,0.0,0.0,0.0,0.0,0.0,0.0,0.0,0.0,0.0,0.0,0.0,0.0,0.0,0.0,0.0,0.0,0.0,0.0,0.0,0.0,0.0,0.0,0.0,0.0,0.0,0.0,0.0,928.1952509999999,795.981486421053,467.95937439256204,949.231018,293.1529182267841,24.369999,813.13916,26614.82897220164,3.411322534131526,944.4904789999999,787.172913,4.000289992692555,4.019224868233301,19.36441946261818,872.0,797.784668,786692.5,1837.4477663620212,951.6443745802474,851.5991524276143,475.7215269999999,895.227051,725.4814284285713,959.1451419999999,458.709076,-422.0,935.5988756666667,6.379271410524641,4.227837072533217,0.0,4.0,0.0,0.0,0.0,0.0,0.0,0.0,0.0,0.0,95.0,0.0,746.0,0.0,81.0,0.0,144.0,0.0,242.0
65,13,2020-06-10,0.0,0.0,0.0,0.0,0.0,0.0,0.0,0.0,0.0,0.0,0.0,0.0,0.0,0.0,0.0,0.0,0.0,0.0,0.0,0.0,0.0,0.0,0.0,0.0,0.0,0.0,0.0,0.0,0.0,0.0,0.0,0.0,0.0,0.0,0.0,0.0,0.0,0.0,0.0,0.0,0.0,0.0,0.0,0.0,0.0,0.0,0.0,0.0,0.0,0.0,0.0,0.0,918.97937,793.2558949749998,464.8785150698926,941.579529,293.8201913431983,24.369999,841.853638,26421.7200056924,3.5382481029641473,952.745972,781.832642,4.300920518295303,5.6412329208563445,10.436361986855163,872.0,808.168152,786692.5,1820.3394674576116,963.3082996454544,851.233447275862,476.1149899999999,868.359192,726.8742855714285,976.27948,457.579315,-422.0,930.6524773584906,8.598443114546583,4.1886299281202355,0.0,4.0,0.0,0.0,0.0,0.0,0.0,0.0,0.0,0.0,120.0,0.0,696.0,0.0,110.0,0.0,159.0,0.0,186.0
66,14,2020-06-10,0.0,0.0,0.0,0.0,0.0,0.0,0.0,0.0,0.0,0.0,0.0,0.0,0.0,0.0,0.0,0.0,0.0,0.0,0.0,0.0,0.0,0.0,0.0,0.0,0.0,0.0,0.0,0.0,0.0,0.0,0.0,0.0,0.0,0.0,0.0,0.0,0.0,0.0,0.0,0.0,0.0,0.0,0.0,0.0,0.0,0.0,0.0,0.0,0.0,0.0,0.0,0.0,922.052368,786.6333786224491,462.26086903030296,944.188965,293.52699635995407,24.369999,797.073486,26612.32355012003,3.3435295731121806,962.031372,769.739502,4.01971240068667,3.9315358104361144,10.898658338591563,872.0,823.721802,786692.5,1873.5474537813761,969.0523732736841,866.3783282814707,470.40960699999994,889.351746,726.2671427142857,981.093445,455.458588,-422.0,931.2569132230219,6.838478873094775,4.24351993029841,0.0,4.0,0.0,0.0,0.0,0.0,0.0,0.0,0.0,0.0,98.0,0.0,707.0,0.0,95.0,0.0,139.0,0.0,198.0
67,15,2020-06-10,0.0,0.0,0.0,0.0,0.0,0.0,0.0,0.0,0.0,0.0,0.0,0.0,0.0,0.0,0.0,0.0,0.0,0.0,0.0,0.0,0.0,0.0,0.0,0.0,0.0,0.0,0.0,0.0,0.0,0.0,0.0,0.0,0.0,0.0,0.0,0.0,0.0,0.0,0.0,0.0,0.0,0.0,0.0,0.0,0.0,0.0,0.0,0.0,0.0,0.0,0.0,0.0,919.390686,778.0377887282609,460.29703666169166,941.7371220000001,293.47590704407946,24.369999,790.137024,26806.459619690653,3.241065128541995,946.981445,769.468628,4.260705543113695,7.441131332573655,16.438490785418608,872.0,828.388794,786692.5,1904.8178771973394,957.1728843584907,893.5699716851356,467.003082,917.042236,726.1599998571428,972.80719,452.951691,-422.0,931.1826756086955,3.9323412363937877,4.100631670659987,0.0,4.0,0.0,0.0,0.0,0.0,0.0,0.0,0.0,0.0,92.0,0.0,740.0,0.0,106.0,0.0,138.0,0.0,201.0
68,16,2020-06-10,0.0,0.0,0.0,0.0,0.0,0.0,0.0,0.0,0.0,0.0,0.0,0.0,0.0,0.0,0.0,0.0,0.0,0.0,0.0,0.0,0.0,0.0,0.0,0.0,0.0,0.0,0.0,0.0,0.0,0.0,0.0,0.0,0.0,0.0,0.0,0.0,0.0,0.0,0.0,0.0,0.0,0.0,0.0,0.0,0.0,0.0,0.0,0.0,0.0,0.0,0.0,0.0,919.55658,777.3539551919193,458.26073415023444,943.4021609999999,293.493362957345,24.369999,785.441772,26373.894778548904,3.472479715000418,942.789246,769.641418,4.202204383289458,4.301117987712668,20.23973124366208,872.0,883.105469,786692.5,1862.3456394731354,954.1049978823531,922.9059884080534,465.7707209999999,978.0123900000001,726.1957141428571,963.685913,450.361481,-422.0,930.9415452500001,3.681495127984918,4.117621433238946,0.0,4.0,0.0,0.0,0.0,0.0,0.0,0.0,0.0,0.0,99.0,0.0,745.0,0.0,119.0,0.0,148.0,0.0,213.0
69,17,2020-06-09,0.0,0.0,0.0,0.0,0.0,0.0,0.0,0.0,0.0,0.0,0.0,0.0,0.0,0.0,0.0,0.0,0.0,0.0,0.0,0.0,0.0,0.0,0.0,0.0,0.0,0.0,0.0,0.0,0.0,0.0,0.0,0.0,0.0,0.0,0.0,0.0,0.0,0.0,0.0,0.0,0.0,0.0,0.0,0.0,0.0,0.0,0.0,0.0,0.0,0.0,0.0,0.0,921.67865,771.5485142637366,459.820273778761,941.987732,294.9968065240627,24.369999,779.716003,27009.33367169399,3.445100235382608,932.607788,764.213562,3.800990994022022,3.2829725955099014,4.908252970783034,872.0,815.272339,786692.5,1931.7996061966253,941.6334489829062,846.9316488207705,466.646637,855.230835,725.5290474761905,949.914246,452.405884,-422.0,932.1155883165467,3.335377648992128,3.5449793073404487,0.0,3.0,0.0,0.0,0.0,0.0,0.0,0.0,0.0,0.0,91.0,0.0,597.0,0.0,117.0,0.0,139.0,0.0,226.0
70,18,2020-06-09,0.0,0.0,0.0,0.0,0.0,0.0,0.0,0.0,0.0,0.0,0.0,0.0,0.0,0.0,0.0,0.0,0.0,0.0,0.0,0.0,0.0,0.0,0.0,0.0,0.0,0.0,0.0,0.0,0.0,0.0,0.0,0.0,0.0,0.0,0.0,0.0,0.0,0.0,0.0,0.0,0.0,0.0,0.0,0.0,0.0,0.0,0.0,0.0,0.0,0.0,0.0,0.0,920.459412,770.6097032333334,459.33786173770466,940.242615,292.8297131866846,24.369999,777.773315,26142.369982388947,3.4102488235939354,933.39386,765.134399,3.9556927477377974,3.661662930650643,25.87978469923828,872.0,20.949598,786692.5,1835.9706507101364,941.1966547916667,85.60101111898732,466.396942,250.38295000000002,724.8028569999999,947.847534,451.497803,-422.0,931.0392728712122,3.485818515216738,4.177521237203224,0.0,4.0,0.0,0.0,0.0,0.0,0.0,0.0,0.0,0.0,90.0,0.0,395.0,0.0,120.0,0.0,132.0,0.0,244.0
71,19,2020-06-09,0.0,0.0,0.0,0.0,0.0,0.0,0.0,0.0,0.0,0.0,0.0,0.0,0.0,0.0,0.0,0.0,0.0,0.0,0.0,0.0,0.0,0.0,0.0,0.0,0.0,0.0,0.0,0.0,0.0,0.0,0.0,0.0,0.0,0.0,0.0,0.0,0.0,0.0,0.0,0.0,0.0,0.0,0.0,0.0,0.0,0.0,0.0,0.0,0.0,0.0,0.0,0.0,923.345581,771.0826175232557,459.3552245058366,940.357544,292.54727257660744,24.369999,779.133484,26013.176229880795,3.4194450407502233,933.61145,763.858398,3.8961373674152227,3.5836974549714173,11.27808605750256,872.0,47.497849,786692.5,1825.942405027074,942.2337411249999,71.0351198354755,467.112701,88.773476,724.1957141428571,950.23938,449.43692,-422.0,931.8866789354843,3.5211746912766535,3.8420823350032673,0.0,4.0,0.0,0.0,0.0,0.0,0.0,0.0,0.0,0.0,86.0,0.0,389.0,0.0,96.0,0.0,155.0,0.0,257.0
72,2,2020-06-10,0.0,0.0,0.0,0.0,0.0,0.0,0.0,0.0,0.0,0.0,0.0,0.0,0.0,0.0,0.0,0.0,0.0,0.0,0.0,0.0,0.0,0.0,0.0,0.0,0.0,0.0,0.0,0.0,0.0,0.0,0.0,0.0,0.0,0.0,0.0,0.0,0.0,0.0,0.0,0.0,0.0,0.0,0.0,0.0,0.0,0.0,0.0,0.0,0.0,0.0,0.0,0.0,925.957642,771.9005186739131,455.38183489398307,948.219543,292.2446308453911,24.369999,779.108459,25662.668178632393,3.827703337293374,934.865662,762.956909,4.071670585456215,3.1636529810379823,6.736973038300233,872.0,75.919609,786692.5,1752.745202775425,942.6289726854841,91.0263309651024,473.826385,113.336151,723.5528569999999,950.1862789999999,446.049561,-422.0,934.3125282071006,3.607714207243242,3.813330429100414,0.0,4.0,0.0,0.0,0.0,0.0,0.0,0.0,0.0,0.0,92.0,0.0,831.0,0.0,124.0,0.0,169.0,0.0,349.0
73,20,2020-06-09,0.0,0.0,0.0,0.0,0.0,0.0,0.0,0.0,0.0,0.0,0.0,0.0,0.0,0.0,0.0,0.0,0.0,0.0,0.0,0.0,0.0,0.0,0.0,0.0,0.0,0.0,0.0,0.0,0.0,0.0,0.0,0.0,0.0,0.0,0.0,0.0,0.0,0.0,0.0,0.0,0.0,0.0,0.0,0.0,0.0,0.0,0.0,0.0,0.0,0.0,0.0,0.0,922.58783,772.6817381517859,459.48177572332014,941.452026,292.8601075908749,24.369999,781.13208,25952.392893810706,3.2845105389191014,935.122925,765.287537,3.8333401028492617,3.3701814375839128,4.302465561694432,872.0,54.238125,786692.5,1822.0297546693328,942.4169049453122,65.49995403138068,465.945404,76.915611,724.8742855714285,950.274414,451.004822,-422.0,932.162785802548,3.1521389760239593,3.8525375735133958,0.0,4.0,0.0,0.0,0.0,0.0,0.0,0.0,0.0,0.0,112.0,0.0,478.0,0.0,128.0,0.0,157.0,0.0,253.0
74,21,2020-06-09,0.0,0.0,0.0,0.0,0.0,0.0,0.0,0.0,0.0,0.0,0.0,0.0,0.0,0.0,0.0,0.0,0.0,0.0,0.0,0.0,0.0,0.0,0.0,0.0,0.0,0.0,0.0,0.0,0.0,0.0,0.0,0.0,0.0,0.0,0.0,0.0,0.0,0.0,0.0,0.0,0.0,0.0,0.0,0.0,0.0,0.0,0.0,0.0,0.0,0.0,0.0,0.0,923.568726,772.0832421358025,457.5336093463033,944.307251,292.72701564228277,24.369999,781.641357,25734.284306993744,3.417059232115448,933.018616,765.797424,3.9001640315121286,3.6615073677368315,4.066394726264826,872.0,56.063137,786692.5,1796.5742649651404,941.1401667016129,67.94355701012664,464.513367,75.12809,724.5885712857142,950.122192,449.913635,-422.0,932.1554910136051,3.710813880879256,3.8928338052711826,0.0,4.0,0.0,0.0,0.0,0.0,0.0,0.0,0.0,0.0,81.0,0.0,395.0,0.0,124.0,0.0,147.0,0.0,257.0
75,22,2020-06-09,0.0,0.0,0.0,0.0,0.0,0.0,0.0,0.0,0.0,0.0,0.0,0.0,0.0,0.0,0.0,0.0,0.0,0.0,0.0,0.0,0.0,0.0,0.0,0.0,0.0,0.0,0.0,0.0,0.0,0.0,0.0,0.0,0.0,0.0,0.0,0.0,0.0,0.0,0.0,0.0,0.0,0.0,0.0,0.0,0.0,0.0,0.0,0.0,0.0,0.0,0.0,0.0,922.353271,771.1538663723408,455.1160125445208,941.827576,292.50781063859347,24.369999,778.65564,25800.283652628183,3.5706413054575967,933.058228,763.019409,4.223910344849682,3.7511653601816404,2.5678487439364015,872.0,68.993843,786692.5,1816.9044306375583,941.5085912620691,78.87967517499995,463.260803,84.415108,724.1242855714285,949.825134,446.378815,-422.0,932.5448387315433,3.1439081562056477,3.735787410150294,0.0,4.0,0.0,0.0,0.0,0.0,0.0,0.0,0.0,0.0,94.0,0.0,320.0,0.0,145.0,0.0,149.0,0.0,292.0
76,23,2020-06-09,0.0,0.0,0.0,0.0,0.0,0.0,0.0,0.0,0.0,0.0,0.0,0.0,0.0,0.0,0.0,0.0,0.0,0.0,0.0,0.0,0.0,0.0,0.0,0.0,0.0,0.0,0.0,0.0,0.0,0.0,0.0,0.0,0.0,0.0,0.0,0.0,0.0,0.0,0.0,0.0,0.0,0.0,0.0,0.0,0.0,0.0,0.0,0.0,0.0,0.0,0.0,0.0,921.544067,770.877028618557,454.5976024461079,943.077393,292.06327297670225,24.369999,778.079407,26134.359856594056,3.569311989306888,933.463562,762.941101,4.064513970565684,3.5577966390631466,2.3465578396342472,872.0,70.439667,786692.5,1857.1440181880648,941.1162638169016,78.4418249037901,462.824036,84.226631,723.1599998571428,950.296021,445.403809,-422.0,932.3196563819446,3.090198233906028,3.7246787192332826,0.0,4.0,0.0,0.0,0.0,0.0,0.0,0.0,0.0,0.0,97.0,0.0,343.0,0.0,142.0,0.0,144.0,0.0,334.0
77,3,2020-06-10,0.0,0.0,0.0,0.0,0.0,0.0,0.0,0.0,0.0,0.0,0.0,0.0,0.0,0.0,0.0,0.0,0.0,0.0,0.0,0.0,0.0,0.0,0.0,0.0,0.0,0.0,0.0,0.0,0.0,0.0,0.0,0.0,0.0,0.0,0.0,0.0,0.0,0.0,0.0,0.0,0.0,0.0,0.0,0.0,0.0,0.0,0.0,0.0,0.0,0.0,0.0,0.0,923.326721,770.854480489362,453.84540023052955,941.332581,291.96311478566116,24.369999,778.46814,25968.802459945637,3.6287174985249866,933.786255,763.144897,3.8141956039466294,3.673779209257137,6.023554652604352,872.0,65.05146,786692.5,1793.8940013369272,940.9524264315069,83.55480239243495,461.675507,101.656631,722.9457141428571,951.768311,445.046051,-422.0,931.4632086734696,3.1705837806033244,3.7238074493574387,0.0,4.0,0.0,0.0,0.0,0.0,0.0,0.0,2.0,0.0,94.0,0.0,423.0,0.0,146.0,0.0,147.0,0.0,321.0
78,4,2020-06-10,0.0,0.0,0.0,0.0,0.0,0.0,0.0,0.0,0.0,0.0,0.0,0.0,0.0,0.0,0.0,0.0,0.0,0.0,0.0,0.0,0.0,0.0,0.0,0.0,0.0,0.0,0.0,0.0,0.0,0.0,0.0,0.0,0.0,0.0,0.0,0.0,0.0,0.0,0.0,0.0,0.0,0.0,0.0,0.0,0.0,0.0,0.0,0.0,0.0,0.0,0.0,0.0,922.0401,769.5454434242428,452.85722499999997,939.072693,291.9461699740731,24.369999,772.428589,25902.82454672258,3.508286545015624,935.206909,766.647522,3.7642634912289363,3.0395552298361115,2.313565116932934,872.0,77.08313,786692.5,1784.6307506796484,939.9915820229886,82.21903450943394,460.588654,91.298386,722.9099998571428,946.33374,446.574402,-422.0,930.8268386136357,2.5910393682802466,3.7484208233500325,0.0,4.0,0.0,0.0,0.0,0.0,0.0,0.0,16.0,0.0,66.0,0.0,318.0,0.0,87.0,0.0,132.0,0.0,335.0
79,5,2020-06-10,0.0,0.0,0.0,0.0,0.0,0.0,0.0,0.0,0.0,0.0,0.0,0.0,0.0,0.0,0.0,0.0,0.0,0.0,0.0,0.0,0.0,0.0,0.0,0.0,0.0,0.0,0.0,0.0,0.0,0.0,0.0,0.0,0.0,0.0,0.0,0.0,0.0,0.0,0.0,0.0,0.0,0.0,0.0,0.0,0.0,0.0,0.0,0.0,0.0,0.0,0.0,0.0,923.021118,770.5164356470589,453.5036732454868,940.930359,292.2436169796808,24.369999,778.827087,25710.653726336495,3.5933507508262044,927.166809,762.73584,3.8997138791708803,3.7762622741467546,2.113294366206303,872.0,76.102501,786692.5,1762.0374974566853,939.8227930750003,81.65989694927526,462.327393,87.660278,723.5528569999999,947.30011,445.476044,-422.0,931.3680987708327,3.2217870636475205,3.820518405576127,0.0,4.0,0.0,0.0,0.0,0.0,0.0,0.0,0.0,0.0,85.0,0.0,414.0,0.0,120.0,0.0,144.0,0.0,277.0
80,6,2020-06-10,0.0,0.0,0.0,0.0,0.0,0.0,0.0,0.0,0.0,0.0,0.0,0.0,0.0,0.0,0.0,0.0,0.0,0.0,0.0,0.0,0.0,0.0,0.0,0.0,0.0,0.0,0.0,0.0,0.0,0.0,0.0,0.0,0.0,0.0,0.0,0.0,0.0,0.0,0.0,0.0,0.0,0.0,0.0,0.0,0.0,0.0,0.0,42.50478,0.0,24.993195749999998,12.253450593088006,7.486770000000001,921.653259,770.0752246415094,454.9823809353845,939.6176149999999,292.06910625615836,24.369999,778.322388,25710.510526721915,3.9143330532431864,934.79657,761.875488,3.932709248094799,3.5670700633952364,3.8511590849937676,872.0,67.399269,786692.5,1748.049575528196,942.5743004295774,85.17274326096998,463.947815,94.87278,723.1599998571428,950.1173099999999,446.654144,-422.0,931.238380264901,3.3199347129718504,4.0357220649096055,2.6666666666666665,4.0,0.0,0.0,0.0,0.0,0.0,0.0,0.0,0.0,106.0,0.0,433.0,0.0,142.0,0.0,151.0,0.0,325.0
81,7,2020-06-10,0.0,0.0,0.0,0.0,0.0,0.0,0.0,0.0,0.0,0.0,0.0,0.0,0.0,0.0,0.0,0.0,0.0,0.0,0.0,0.0,0.0,0.0,0.0,0.0,0.0,0.0,0.0,0.0,0.0,0.0,0.0,0.0,0.0,0.0,0.0,0.0,0.0,0.0,0.0,0.0,0.0,0.0,0.0,0.0,3.5377280582747592,14.020822999999998,9.01772,37.482033,11.5192715,19.950678374999995,12.28929810460731,2.28828,920.4279170000001,774.1126594725276,458.76833253488337,944.2494510000001,293.163278041221,24.369999,791.181335,25433.80171701277,3.668769188460327,937.2030030000001,765.897888,4.3290425844711935,3.4545839462823738,387.15821193422454,872.0,12.238219,786692.5,1701.5472090095316,945.4253386141729,883.3760982040193,467.900879,1137.429077,725.5171427142857,953.0678099999999,449.401855,-422.0,933.4229362709675,5.274123198528146,5.961010673055979,2.6666666666666665,4.0,0.0,0.0,0.0,0.0,0.0,0.0,0.0,0.0,91.0,0.0,647.0,0.0,127.0,0.0,155.0,2.0,258.0
82,8,2020-06-10,0.0,0.0,0.0,0.0,0.0,0.0,0.0,0.0,0.0,0.0,0.0,0.0,0.0,0.0,0.0,0.0,0.0,0.0,0.0,0.0,0.0,0.0,0.0,0.0,0.0,0.0,0.0,0.0,0.0,0.0,0.0,0.0,0.0,0.0,0.0,0.0,0.0,0.0,0.0,0.0,0.0,0.0,0.0,0.0,8.371849026483934,29.066647,3.991325,0.0,17.781523375,0.0,0.0,0.0,928.333801,781.9274009669421,458.35090778214294,949.796082,293.22047580818065,24.369999,795.934021,25675.24935336519,3.357451076828553,937.5090940000001,770.148621,4.391294012402779,3.7602204641847754,29.99631525322269,872.0,908.1325070000001,786692.5,1741.3121454899488,946.1394315886523,964.3874658484451,465.09317,1031.707031,725.6242855714285,953.838135,451.1529540000001,-422.0,937.2992289132944,7.007862795280049,5.160095839686343,0.0,4.0,0.0,0.0,0.0,0.0,0.0,0.0,0.0,0.0,121.0,0.0,772.0,0.0,141.0,0.0,173.0,8.0,280.0
83,9,2020-06-10,0.0,0.0,0.0,0.0,0.0,0.0,0.0,0.0,0.0,0.0,0.0,0.0,0.0,0.0,0.0,0.0,0.0,0.0,0.0,0.0,0.0,0.0,0.0,0.0,0.0,0.0,0.0,0.0,0.0,0.0,0.0,0.0,0.0,0.0,0.0,0.0,0.0,0.0,0.0,0.0,0.0,0.0,0.0,0.0,0.0,0.0,0.0,0.0,0.0,0.0,0.0,0.0,924.132935,788.857378542056,458.3564916641793,947.629944,292.99588395581407,24.369999,806.378113,26160.449998830725,3.547704570188578,937.4576420000001,779.297729,4.48464168061751,7.706675818961543,22.551213214265875,872.0,855.412048,786692.5,1796.1344010783107,953.6686811214281,909.2424182924802,465.97662399999996,953.324036,725.1599998571428,968.7285160000001,450.317902,-422.0,934.821566656626,4.893998174803769,4.646046612938358,0.0,4.0,0.0,0.0,0.0,0.0,0.0,0.0,0.0,0.0,107.0,0.0,718.0,0.0,140.0,0.0,166.0,0.0,268.0
84,0,2020-06-09,0.0,0.0,0.0,0.0,66.99971,118.42693458333332,0.0,0.0,0.0,0.0,0.0,0.0,0.0,0.0,0.0,2.688848120922837,0.0,0.0,0.0,0.0,0.0,0.0,0.0,0.0,66.99971,121.168976,0.0,0.0,0.0,0.0,0.0,0.0,0.0,0.0,66.99971,115.685638,0.0,0.0,0.0,0.0,0.0,0.0,0.0,0.0,0.0,0.0,0.0,0.0,0.0,0.0,0.0,0.0,922.4506840000001,773.8765220624999,450.38648157288156,944.925659,292.37658514058006,24.369999,782.035156,35604.64466223841,3.658196073531794,938.231384,765.995422,4.486442572892484,3.256059122802312,4.474024628003844,872.0,73.491631,2020180.0,2125.1500596335427,946.185465141509,82.67412658892118,458.291626,98.87207,723.8385712857142,953.777222,442.327301,-422.0,932.7671874567898,3.1077565468185293,4.184273578741015,0.0,4.0,0.0,1.0,0.0,0.0,0.0,0.0,0.0,0.0,96.0,12.0,686.0,0.0,106.0,0.0,162.0,0.0,295.0
85,1,2020-06-09,0.0,0.0,0.0,0.0,32.51299453846154,122.51128628571429,0.0,0.0,0.0,0.0,0.0,0.0,0.0,0.0,20.533382368570393,3.751382438895455,0.0,0.0,0.0,0.0,0.0,0.0,0.0,0.0,63.747242,126.2463,0.0,0.0,0.0,0.0,0.0,0.0,0.0,0.0,0.605861,116.198067,0.0,0.0,0.0,0.0,0.0,0.0,0.0,0.0,0.0,0.0,0.0,0.0,0.0,0.0,0.0,0.0,923.0060420000001,774.725427747573,454.7043652750809,941.008179,292.2450110441257,24.369999,783.024475,24197.561064808833,6.778952708721735,940.89032,766.255615,4.0248615768774405,3.71133814363693,10.661233266290576,872.0,71.324944,786692.5,1561.6194023311286,947.5093207966102,92.50979383734249,475.296783,138.641602,723.5528569999999,957.553955,444.7201539999999,-422.0,932.4164853414626,3.582887477294032,4.255499891091265,0.0,4.0,0.0,13.0,0.0,0.0,0.0,0.0,0.0,0.0,103.0,7.0,873.0,0.0,118.0,0.0,164.0,0.0,309.0
86,10,2020-06-09,0.0,0.0,0.0,0.0,0.0,0.0,85.5642068888889,5.969967,0.0,0.0,0.0,0.0,0.0,0.0,0.0,0.0,4.855859192436623,0.0,0.0,0.0,0.0,0.0,0.0,0.0,0.0,0.0,94.30761,5.969967,0.0,0.0,0.0,0.0,0.0,0.0,0.0,0.0,74.046501,5.969967,0.0,0.0,0.0,0.0,0.0,0.0,0.0,0.0,0.0,0.0,0.0,0.0,0.0,0.0,923.7749630000001,769.410183356436,466.70127494958,944.4262080000001,293.014000467701,24.369999,780.690247,24998.08044072611,5.690587280484605,962.8126220000001,759.577454,4.302112172755195,4.493553366923764,14.123752094835703,872.0,888.5249630000001,786692.5,1652.5498532301385,972.4143031322315,932.4692199314219,479.96139500000004,959.136047,725.1957141428571,983.592224,456.168732,-422.0,933.1413240697672,5.016485869233409,4.803964277935091,0.0,4.0,0.0,0.0,0.0,0.0,18.0,0.0,0.0,0.0,101.0,0.0,802.0,1.0,121.0,0.0,172.0,0.0,238.0
87,11,2020-06-09,0.0,0.0,0.0,0.0,0.0,0.0,48.46604410144928,6.46341775,0.0,0.0,0.0,0.0,0.0,0.0,0.0,0.0,22.42313331136616,0.5816915522481969,0.0,0.0,0.0,0.0,0.0,0.0,0.0,0.0,93.951813,6.970013,0.0,0.0,0.0,0.0,0.0,0.0,0.0,0.0,4.164054,5.957464,0.0,0.0,0.0,0.0,0.0,0.0,0.0,0.0,0.0,0.0,0.0,0.0,0.0,0.0,921.2579349999999,766.3010566201551,461.88019508080833,940.5695799999999,293.3442668857386,24.369999,782.349121,24894.08924870075,3.3971164553332653,961.8637079999999,751.02179,3.980939983420374,4.121346647164052,22.655361848310374,872.0,826.869812,786692.5,1650.0321357997416,970.5844158828123,869.3936499682542,470.142365,922.3067019999999,725.8742855714285,981.07959,453.591858,-422.0,931.1938565914637,6.682607018179535,4.742104116750164,0.0,4.0,0.0,0.0,0.0,0.0,69.0,0.0,0.0,0.0,129.0,0.0,693.0,4.0,128.0,0.0,164.0,0.0,297.0
88,12,2020-06-09,0.0,0.0,0.0,0.0,0.0,0.0,85.16928807142857,0.0,0.0,0.0,0.0,0.0,0.0,0.0,0.0,0.0,4.51151238342386,0.0,0.0,0.0,0.0,0.0,0.0,0.0,0.0,0.0,96.353615,0.0,0.0,0.0,0.0,0.0,0.0,0.0,0.0,0.0,81.166176,0.0,0.0,0.0,0.0,0.0,0.0,0.0,0.0,0.0,0.0,0.0,0.0,0.0,0.0,0.0,922.875427,773.0225751914892,463.26411032806334,943.1776120000001,293.51712257188603,24.369999,782.168945,24915.18127392348,3.408357384795677,964.221252,766.065674,4.147221753568577,3.7045808193477088,19.397244395952292,872.0,818.11792,786692.5,1643.823608488303,972.5209345470088,870.9916450063536,471.230408,930.7587279999999,726.2314284285713,981.1649169999998,454.59057600000006,-422.0,932.5765470706518,3.5374573493050465,4.732955783053801,0.0,4.0,0.0,0.0,0.0,0.0,14.0,0.0,0.0,0.0,94.0,0.0,787.0,0.0,117.0,0.0,184.0,0.0,253.0
89,13,2020-06-09,0.0,0.0,0.0,0.0,0.0,0.0,0.0,0.0,0.0,0.0,0.0,0.0,0.0,0.0,0.0,0.0,0.0,0.0,0.0,0.0,0.0,0.0,0.0,0.0,0.0,0.0,0.0,0.0,0.0,0.0,0.0,0.0,0.0,0.0,0.0,0.0,0.0,0.0,0.0,0.0,0.0,0.0,0.0,0.0,0.0,0.0,0.0,0.0,0.0,0.0,0.0,0.0,922.8022459999999,771.1596304886366,461.1056985565217,944.753845,293.1174007248897,24.369999,780.408081,25675.643342322837,3.4752744689655555,967.1964719999999,764.337036,4.1529515289725705,3.6109341068682714,7.345910654630951,872.0,816.219788,786692.5,1751.2618862001043,974.9956754568963,852.6520950060248,469.746826,875.263855,725.4099998571428,983.125122,451.959625,-422.0,932.0427531920902,3.75539910812377,4.466782835983446,0.0,4.0,0.0,0.0,0.0,0.0,0.0,0.0,0.0,0.0,88.0,0.0,664.0,0.0,116.0,0.0,177.0,0.0,230.0
90,14,2020-06-09,0.0,0.0,0.0,0.0,0.0,0.0,0.0,0.0,0.0,0.0,0.0,0.0,0.0,0.0,0.0,0.0,0.0,0.0,0.0,0.0,0.0,0.0,0.0,0.0,0.0,0.0,0.0,0.0,0.0,0.0,0.0,0.0,0.0,0.0,0.0,0.0,0.0,0.0,0.0,0.0,0.0,0.0,0.0,0.0,0.0,0.0,0.0,0.0,0.0,0.0,0.0,0.0,922.866272,771.6742031122446,461.9467919849056,943.500854,292.9792787952726,24.369999,780.537598,25543.365023255632,3.413254464084441,969.719849,764.521667,4.035249350487894,3.4489108980236343,14.07513681264107,872.0,819.383301,786692.5,1737.0974528546828,975.1797952605044,858.529165409986,471.581848,889.887207,725.1242855714285,986.4613649999999,453.545319,-422.0,932.7557948882672,3.6206842081408768,4.431714223480723,0.0,4.0,0.0,0.0,0.0,0.0,0.0,0.0,0.0,0.0,98.0,0.0,761.0,0.0,119.0,0.0,179.0,0.0,265.0
91,15,2020-06-09,0.0,0.0,0.0,0.0,0.0,0.0,0.0,5.3394545,0.0,0.0,0.0,0.0,0.0,0.0,0.0,0.0,0.0,0.7220995662680461,0.0,0.0,0.0,0.0,0.0,0.0,0.0,0.0,0.0,5.850056,0.0,0.0,0.0,0.0,0.0,0.0,0.0,0.0,0.0,4.828853,0.0,0.0,0.0,0.0,0.0,0.0,0.0,0.0,0.0,0.0,0.0,0.0,0.0,0.0,922.05719,771.7284708333331,460.0184990681815,944.069824,293.01450606818463,24.369999,775.925842,25492.668589883495,3.6002777927733245,963.952698,764.233154,4.284430278134708,4.22492265023033,8.567878640433348,872.0,822.754272,786692.5,1741.4330883802113,974.6608976230767,853.786914729102,467.459137,870.519775,725.1957141428571,986.665405,452.71197500000005,-422.0,932.2091339062499,3.326038806208426,4.195382269658027,0.0,4.0,0.0,0.0,0.0,0.0,0.0,0.0,0.0,0.0,90.0,0.0,646.0,2.0,130.0,0.0,160.0,0.0,220.0
92,16,2020-06-09,0.0,0.0,0.0,0.0,0.0,0.0,0.0,0.0,0.0,0.0,0.0,0.0,0.0,0.0,0.0,0.0,0.0,0.0,0.0,0.0,0.0,0.0,0.0,0.0,0.0,0.0,0.0,0.0,0.0,0.0,0.0,0.0,0.0,0.0,0.0,0.0,0.0,0.0,0.0,0.0,0.0,0.0,0.0,0.0,0.0,0.0,0.0,0.0,0.0,0.0,0.0,0.0,922.560669,771.077250361702,459.745551887324,947.5098880000002,292.67805998727783,24.369999,780.029785,26156.592558161366,3.5493321729529956,939.428528,763.157288,4.496805629663612,8.025165152822275,4.049149751511177,872.0,847.884949,786692.5,1820.0337929321652,966.6095417096778,857.2184343596637,465.970703,865.854675,724.4814284285713,976.7498779999999,451.580811,-422.0,933.2209383375796,3.1485447946906646,4.038335874537138,0.0,4.0,0.0,0.0,0.0,0.0,0.0,0.0,0.0,0.0,94.0,0.0,595.0,0.0,93.0,0.0,157.0,0.0,213.0
93,17,2020-06-08,0.0,0.0,0.0,0.0,33.64994967741935,125.6529640625,0.0,0.0,33.324868473684205,33.983591,0.0,0.0,0.0,0.0,17.323752405741452,3.7808464910775808,0.0,0.0,18.315103628425966,3.5388926631433733,0.0,0.0,0.0,0.0,66.027313,131.003494,0.0,0.0,68.221642,36.485966,0.0,0.0,0.0,0.0,1.251528,120.338646,0.0,0.0,0.849752,31.481216,0.0,0.0,0.0,0.0,0.0,0.0,0.0,0.0,0.0,0.0,0.0,0.0,924.894897,772.4776193424659,448.6645338022389,943.360535,294.7695825753285,24.369999,778.108276,24240.93641877398,3.262327017239542,940.547424,766.729187,3.919320193635021,2.8122876183802177,5.393611490448676,872.0,841.409973,786692.5,1617.962855245182,948.3774790116274,875.2656174343069,456.667206,884.6860349999998,725.052857,952.0422969999998,440.832062,-422.0,932.668669992701,3.6381952091242282,4.513177956872141,0.0,3.0,0.0,124.0,0.0,0.0,0.0,57.0,0.0,0.0,73.0,16.0,548.0,0.0,86.0,2.0,137.0,0.0,268.0
94,18,2020-06-08,0.0,0.0,0.0,0.0,33.74517800877193,125.90586300000001,0.0,0.0,57.631760500000006,49.7746834,0.0,0.0,0.0,0.0,17.718940824174247,4.141118504078663,0.0,0.0,6.540071903359602,5.919155303061346,0.0,0.0,0.0,0.0,66.611717,131.075058,0.0,0.0,65.201942,55.29578,0.0,0.0,0.0,0.0,1.263123,120.946228,0.0,0.0,50.002552,41.495258,0.0,0.0,0.0,0.0,0.0,0.0,0.0,0.0,0.0,0.0,0.0,0.0,918.8406369999999,772.43376025,448.80363269090924,937.698242,292.70994333114464,24.369999,777.429199,23982.588396921572,3.2368606392449806,939.5582279999999,766.084229,3.980612832690666,3.059183030445916,34.698518361901655,872.0,19.10717,786692.5,1602.0772557627213,946.9832446470587,86.18060757446813,455.529022,323.71347,724.5528569999999,955.7260740000002,442.47573900000003,-422.0,929.6348130636942,3.5341855247662135,4.810716619472882,0.0,4.0,0.0,114.0,0.0,0.0,0.0,4.0,0.0,0.0,96.0,4.0,423.0,0.0,102.0,5.0,157.0,0.0,275.0
95,19,2020-06-08,0.0,0.0,0.0,0.0,34.36758003797468,0.0,0.0,0.0,0.0,48.06848033333333,0.0,0.0,0.0,0.0,17.531767058372242,0.0,0.0,0.0,0.0,2.8989904056966664,0.0,0.0,0.0,0.0,65.075073,0.0,0.0,0.0,0.0,51.415901,0.0,0.0,0.0,0.0,2.314314,0.0,0.0,0.0,0.0,46.379719,0.0,0.0,0.0,0.0,0.0,0.0,0.0,0.0,0.0,0.0,0.0,0.0,920.151489,773.8430204705882,450.7395668788926,942.1734010000001,292.52406272649074,24.369999,781.03363,24705.26616747169,3.73901185428434,942.5034790000001,765.274231,4.613347275155301,3.5135213166442694,11.28663469466094,872.0,55.702854,786692.5,1689.6479645556494,947.5263383611117,80.05689199285717,459.177155,112.006889,724.1599998571428,954.498962,442.2381290000001,-422.0,931.6883596363633,3.53008757098369,4.296667392724896,0.0,4.0,0.0,79.0,0.0,0.0,0.0,0.0,0.0,0.0,85.0,0.0,700.0,0.0,108.0,3.0,154.0,0.0,289.0
96,2,2020-06-09,0.0,0.0,0.0,0.0,0.0,121.242203,0.0,0.0,0.0,0.0,0.0,0.0,0.0,0.0,0.0,0.0,0.0,0.0,0.0,0.0,0.0,0.0,0.0,0.0,0.0,121.242203,0.0,0.0,0.0,0.0,0.0,0.0,0.0,0.0,0.0,121.242203,0.0,0.0,0.0,0.0,0.0,0.0,0.0,0.0,0.0,0.0,0.0,0.0,0.0,0.0,0.0,0.0,921.5690920000001,774.8371129072165,470.01190222977357,943.4299320000001,292.14559431738735,24.369999,783.36853,24658.75693093812,3.5256495990635575,938.86084,766.570557,4.08651598803547,3.96852402563805,5.204883542076092,872.0,71.080528,786692.5,1615.1189632027406,946.3727831799999,83.03167817269079,478.673584,102.250183,723.3385712857142,954.767639,461.509827,-422.0,931.2471540680626,3.62393290413121,4.161838379438031,0.0,4.0,0.0,0.0,0.0,0.0,0.0,0.0,0.0,0.0,97.0,1.0,747.0,0.0,150.0,0.0,191.0,0.0,309.0
97,20,2020-06-08,0.0,0.0,0.0,0.0,0.0,120.08996640000001,0.0,0.0,0.0,56.345675,0.0,0.0,0.0,0.0,0.0,3.8665615069300205,0.0,0.0,0.0,4.423304823211531,0.0,0.0,0.0,0.0,0.0,125.968399,0.0,0.0,0.0,63.331207,0.0,0.0,0.0,0.0,0.0,115.306564,0.0,0.0,0.0,51.429558,0.0,0.0,0.0,0.0,0.0,0.0,0.0,0.0,0.0,0.0,0.0,0.0,921.5275270000001,774.5825114183673,450.32666615857613,940.0333249999999,292.57455871336236,24.369999,783.846313,25388.67054618979,3.796384348761966,942.2824100000001,767.810181,3.857048762557212,3.484058831286537,6.553035132734195,872.0,64.453384,786692.5,1781.1451767506298,947.2208053859653,78.56121988275864,459.3023380000001,98.576126,724.2671427142857,953.685486,442.533112,-483.39678999999995,930.893422297297,3.672757993425578,4.075800479198432,0.0,4.0,0.0,0.0,0.0,0.0,0.0,0.0,0.0,0.0,98.0,10.0,580.0,0.0,114.0,6.0,148.0,0.0,309.0
98,21,2020-06-08,0.0,0.0,0.0,0.0,0.0,123.38909324999999,0.0,0.0,0.0,44.712373,0.0,0.0,0.0,0.0,0.0,2.9698293601421364,0.0,0.0,0.0,4.090887978573114,0.0,0.0,0.0,0.0,0.0,125.963867,0.0,0.0,0.0,49.722084,0.0,0.0,0.0,0.0,0.0,120.713264,0.0,0.0,0.0,39.701508,0.0,0.0,0.0,0.0,0.0,0.0,0.0,0.0,0.0,0.0,0.0,0.0,920.813354,775.0822371170212,450.221798007194,940.450745,292.87852155005356,24.369999,783.461914,24864.246326503548,3.505556052467322,934.9011839999998,768.013489,3.9774536716744064,3.700408083978365,3.7122218399857956,872.0,67.516113,786692.5,1725.781412257585,946.9499453894739,75.60466554020621,457.687469,89.33551,724.9099998571428,952.5911249999999,442.923065,-422.0,930.7268206369428,3.398299046499473,4.2406883032019165,0.0,4.0,0.0,0.0,0.0,0.0,0.0,0.0,0.0,0.0,94.0,4.0,485.0,0.0,95.0,4.0,157.0,0.0,278.0
99,22,2020-06-08,0.0,0.0,0.0,0.0,0.0,0.0,0.0,0.0,0.0,32.180478,0.0,0.0,0.0,0.0,0.0,0.0,0.0,0.0,0.0,3.536724673752258,0.0,0.0,0.0,0.0,0.0,0.0,0.0,0.0,0.0,34.68132,0.0,0.0,0.0,0.0,0.0,0.0,0.0,0.0,0.0,29.679636,0.0,0.0,0.0,0.0,0.0,0.0,0.0,0.0,0.0,0.0,0.0,0.0,917.1522829999999,774.1179013478259,446.81425197084525,937.624329,292.2935052302559,24.369999,782.180115,25038.269994784994,3.7763341212394614,936.801514,766.693237,3.9358672993986716,3.4638098094930605,2.5340988561744933,872.0,76.645218,786692.5,1754.8105436326025,944.7960406792456,82.23053482530116,455.938812,89.197372,723.6599998571428,951.633057,438.533539,-422.0,929.4838437434215,3.4608430898559375,4.104770202570246,0.0,4.0,0.0,0.0,0.0,0.0,0.0,0.0,0.0,0.0,92.0,0.0,332.0,0.0,106.0,2.0,152.0,0.0,343.0
100,23,2020-06-08,0.0,0.0,0.0,0.0,0.0,120.22319471428571,0.0,0.0,0.0,14.6393664,0.0,0.0,0.0,0.0,0.0,3.5443215480316126,0.0,0.0,0.0,7.9303672548240955,0.0,0.0,0.0,0.0,0.0,126.011986,0.0,0.0,0.0,24.673384,0.0,0.0,0.0,0.0,0.0,115.722046,0.0,0.0,0.0,4.613564,0.0,0.0,0.0,0.0,0.0,0.0,0.0,0.0,0.0,0.0,0.0,0.0,922.2437739999999,774.0962753749998,449.1981308181822,942.4951170000002,292.4090441928731,24.369999,777.721985,25018.225375236645,3.745299499204061,938.655823,766.995667,4.165384901738017,3.6569831711743985,6.418625128901574,872.0,75.157448,786692.5,1759.8440533751173,945.4455000240964,87.47167442460321,456.38998399999997,114.29428899999999,723.9099998571428,953.2503050000001,440.784454,-422.0,931.6328607407405,3.1851896999611418,4.0862557177085606,0.0,4.0,0.0,0.0,0.0,0.0,0.0,0.0,0.0,0.0,80.0,7.0,504.0,0.0,83.0,5.0,162.0,0.0,308.0
101,3,2020-06-09,0.0,0.0,0.0,0.0,68.763771,0.0,0.0,0.0,0.0,0.0,0.0,0.0,0.0,0.0,0.0,0.0,0.0,0.0,0.0,0.0,0.0,0.0,0.0,0.0,68.763771,0.0,0.0,0.0,0.0,0.0,0.0,0.0,0.0,0.0,68.763771,0.0,0.0,0.0,0.0,0.0,0.0,0.0,0.0,0.0,0.0,0.0,0.0,0.0,0.0,0.0,0.0,0.0,919.7380369999998,774.4920927708334,470.59627708722707,942.7883909999999,292.3753183798628,24.369999,782.053467,24966.08738470276,3.347868508317211,939.5041500000001,766.326965,4.6476382286602185,3.803177847991778,5.999444958032002,872.0,71.753578,786692.5,1661.6857566721962,947.6531364093961,86.35373921071864,479.07992599999994,109.633461,723.8385712857142,959.586548,463.125214,-422.0,931.1148475443791,3.146664383376247,4.042474406447397,0.0,4.0,0.0,1.0,0.0,0.0,0.0,0.0,0.0,0.0,96.0,0.0,821.0,0.0,149.0,0.0,169.0,0.0,321.0
102,4,2020-06-09,0.0,0.0,0.0,0.0,0.0,0.0,0.0,0.0,0.0,0.0,0.0,0.0,0.0,0.0,0.0,0.0,0.0,0.0,0.0,0.0,0.0,0.0,0.0,0.0,0.0,0.0,0.0,0.0,0.0,0.0,0.0,0.0,0.0,0.0,0.0,0.0,0.0,0.0,0.0,0.0,0.0,0.0,0.0,0.0,0.0,0.0,0.0,0.0,0.0,0.0,0.0,0.0,921.4652709999999,773.9639461379311,470.62937819444454,942.373718,292.27705024385665,24.369999,781.804993,24810.119928595108,3.5212657666172227,940.253052,766.350037,4.400272429695217,3.643281296921015,4.779685287231376,872.0,72.40451,786692.5,1642.299188209177,947.0238658773582,87.6073967978972,479.24450699999994,102.882553,723.6242855714285,957.7777709999999,462.955841,-422.0,931.5840272127662,3.1035931458404464,4.091701154432585,0.0,4.0,0.0,0.0,0.0,0.0,0.0,0.0,0.0,0.0,116.0,0.0,856.0,0.0,106.0,0.0,188.0,0.0,288.0
103,5,2020-06-09,0.0,0.0,0.0,0.0,0.0,0.0,0.0,0.0,0.0,0.0,0.0,0.0,0.0,5.0,0.0,0.0,0.0,0.0,0.0,0.0,0.0,0.0,0.0,0.0,0.0,0.0,0.0,0.0,0.0,0.0,0.0,0.0,0.0,5.0,0.0,0.0,0.0,0.0,0.0,0.0,0.0,0.0,0.0,5.0,0.0,0.0,0.0,0.0,0.0,0.0,0.0,0.0,917.8697510000001,774.0304603473683,470.1199262793107,938.2669070000001,292.19583429727146,24.369999,786.163574,25015.250575497666,3.6028426188736073,939.361938,765.571777,4.1866054805418464,3.43207006508213,7.052977798613954,872.0,42.906124,786692.5,1670.1620044834758,948.036043330827,81.77984603538657,478.160675,93.30722,723.4457141428571,956.0243530000001,462.567047,-422.0,929.3098151714283,3.9963522636657443,4.04094968416467,0.0,4.0,6.0,0.0,0.0,0.0,0.0,0.0,0.0,0.0,95.0,0.0,763.0,0.0,133.0,0.0,175.0,0.0,290.0
104,6,2020-06-09,0.0,0.0,0.0,0.0,0.0,0.0,0.0,0.0,0.0,0.0,0.0,0.0,0.0,11.0,0.0,0.0,0.0,0.0,0.0,0.0,0.0,0.0,0.0,0.0,0.0,0.0,0.0,0.0,0.0,0.0,0.0,0.0,0.0,11.0,0.0,0.0,0.0,0.0,0.0,0.0,0.0,0.0,0.0,11.0,0.0,0.0,0.0,0.0,0.0,0.0,0.0,0.0,920.017944,773.0475735922333,471.62362115046994,939.2401729999999,292.5413222273571,24.369999,780.541992,25482.018419299176,3.1560582069430487,940.925781,764.432495,3.9409423815174343,3.8694845650312786,10.338658548922107,872.0,56.63414,786692.5,1713.5533579138128,948.3817012990653,84.75763290262752,479.0531010000001,102.416077,724.1957141428571,955.358765,465.2521970000001,-422.0,928.9127705733335,3.9583803121982086,4.0047919843171425,0.0,4.0,12.0,0.0,0.0,0.0,0.0,0.0,0.0,0.0,103.0,0.0,647.0,0.0,107.0,0.0,150.0,0.0,319.0
105,7,2020-06-09,0.0,0.0,0.0,0.0,0.0,0.0,0.0,0.0,0.0,0.0,0.0,0.0,0.0,0.0,0.0,0.0,0.0,0.0,0.0,0.0,0.0,0.0,0.0,0.0,0.0,0.0,0.0,0.0,0.0,0.0,0.0,0.0,0.0,0.0,0.0,0.0,0.0,0.0,0.0,0.0,0.0,0.0,0.0,0.0,0.0,0.0,0.0,0.0,0.0,0.0,0.0,0.0,923.0841670000001,773.6572194452557,473.60078663782053,941.3948359999999,292.6967881849751,24.369999,780.6745,24820.96172894426,3.7776307997217735,944.099548,764.58844,4.003300905432436,3.8249352625119033,332.92939247108035,872.0,85.223404,786692.5,1628.7730045121023,951.1944407753618,936.4653047596634,483.45614600000005,1133.255859,724.5171427142857,959.7453,464.216827,-422.0,931.9045512173918,3.5220873676639073,6.036375517316489,0.0,4.0,0.0,0.0,0.0,0.0,0.0,0.0,0.0,0.0,137.0,0.0,595.0,0.0,138.0,0.0,161.0,0.0,312.0
106,8,2020-06-09,0.0,0.0,0.0,0.0,0.0,0.0,0.0,0.0,0.0,0.0,0.0,0.0,0.0,0.0,0.0,0.0,0.0,0.0,0.0,0.0,0.0,0.0,0.0,0.0,0.0,0.0,0.0,0.0,0.0,0.0,0.0,0.0,0.0,0.0,0.0,0.0,0.0,0.0,0.0,0.0,0.0,0.0,0.0,0.0,6.53703693278116,24.655069,9.447741,0.0,17.00725225,0.0,0.0,0.0,921.222046,774.6000268495575,479.0911436240603,946.595764,293.16631008636045,24.369999,783.268311,25130.85838168535,3.473681276805858,945.044495,766.557007,4.376712304412555,4.410307655325183,16.27250452511695,872.0,992.354675,786692.5,1670.264272564692,953.9638773057849,1035.8964101947865,487.25396699999993,1073.420532,725.5171427142857,962.2391360000001,470.392578,-422.0,934.0519386419752,3.5805942252361507,5.367458070137225,0.0,4.0,0.0,0.0,0.0,0.0,0.0,0.0,0.0,0.0,113.0,0.0,729.0,0.0,121.0,0.0,162.0,4.0,266.0
107,9,2020-06-09,0.0,0.0,0.0,0.0,34.402713166666665,75.54103416666666,0.0,6.639542666666666,32.24171727272727,0.0,48.21179066666668,122.39628989655174,7.166993096774194,0.0,18.91780176913993,29.297545520809894,0.0,0.5843218537042179,17.769875752323244,0.0,24.70988716450982,38.78480694542155,5.712533396265336,0.0,63.076366,125.531876,0.0,6.97993,59.512917,0.0,89.076874,185.599976,18.635881,0.0,5.448821,28.551079,0.0,5.964835,5.681177,0.0,6.937574,64.509117,0.277605,0.0,6.710011431577198,19.654039,4.003906,96.389618,11.668182999999999,51.288843250000006,26.45705314866325,5.648903,925.0900270000001,769.9932101320751,478.28462885714293,943.9154049999999,293.53860462792846,24.369999,781.15509,25258.275980031438,3.191626439853257,947.21167,755.107605,4.025319749562193,6.322013996006859,19.543572639926396,874.0,940.830505,786692.5,1689.9566835287817,960.8651687166667,986.8141605985504,487.225586,1023.9694819999999,726.2671427142857,975.631958,471.666229,-422.0,933.644460877301,5.244071570892062,4.843171422348072,10.666666666666666,4.0,0.0,12.0,15.0,29.0,0.0,11.0,0.0,31.0,106.0,30.0,690.0,3.0,120.0,0.0,163.0,4.0,259.0
