,hour,date,mean_15,mean_19,std_15,std_19,max_15,max_19,min_15,min_19,mean_1,mean_2,mean_4,mean_5,mean_6,mean_14,mean_18,mean_3,mean_8,std_1,std_2,std_4,std_5,std_6,std_14,std_18,std_3,std_8,max_1,max_2,max_4,max_5,max_6,max_14,max_18,max_3,max_8,min_1,min_2,min_4,min_5,min_6,min_14,min_18,min_3,min_8,mean_9,std_16,max_11,mean_17,min_13,mean_11,std_17,mean_13,max_7,std_9,max_17,max_12,min_9,min_10,min_17,max_9,std_7,min_12,mean_16,min_11,std_0,max_13,std_12,std_13,min_16,mean_0,mean_10,std_11,max_10,min_7,min_0,mean_12,max_0,mean_7,max_16,std_10,urate_0,urate_1,urate_2,urate_3,urate_4,urate_5,urate_6,urate_7,urate_8,urate_9,urate_10,urate_11,urate_12,urate_13,urate_14,urate_15,urate_16,urate_17,urate_18,urate_19
0,0,2020-05-01,0,0,0,0,0,0,0,0,0.0,0.0,0.0,0.0,0.0,0.0,0.0,0.0,0.0,0.0,0.0,0.0,0.0,0.0,0.0,0.0,0.0,0.0,0.0,0.0,0.0,0.0,0.0,0.0,0.0,0.0,0.0,0.0,0.0,0.0,0.0,0.0,0.0,0.0,0.0,0.0,782.2457791428573,0.0,0.0,439.7773633715414,0.0,0.0,3.9288299347136473,0.0,0.0,6.488415108001794,452.984772,0.0,769.783875,63.948524,429.569031,790.926025,0.0,0.0,0.0,0.0,967313.5502157987,0.0,0.0,0.0,0.0,48085.43472721277,83.7744400892642,0.0,109.4394,0.0,-422.0,0.0,42009320.0,0.0,0.0,7.979736924262861,3.3053104711170302,0.0,0.0,0.0,0.0,0.0,0.0,0.0,0.0,84.0,829.0,0.0,0.0,0.0,0.0,157.0,0.0,506.0,0.0,85.0
1,1,2020-05-01,0,0,0,0,0,0,0,0,0.0,0.0,0.0,0.0,0.0,0.0,0.0,0.0,0.0,0.0,0.0,0.0,0.0,0.0,0.0,0.0,0.0,0.0,0.0,0.0,0.0,0.0,0.0,0.0,0.0,0.0,0.0,0.0,0.0,0.0,0.0,0.0,0.0,0.0,0.0,0.0,772.9729731616162,0.0,16.093,438.89592611157883,0.0,16.093,3.909182828938484,0.0,1.44,3.5322655533438656,448.238922,180.0,763.941345,64.442459,429.34411599999993,780.354614,0.0,180.0,294.0,16.093,949140.182004042,0.0,0.0,0.0,294.0,46667.337924303334,80.5960865886076,0.0,104.47711199999999,1.44,-422.0,180.0,42009836.0,1.44,294.0,6.506966222245662,3.420842350590977,0.0,0.0,0.0,0.0,0.0,0.0,1.0,0.0,99.0,632.0,1.0,1.0,1.0,0.0,158.0,1.0,475.0,0.0,105.0
2,10,2020-05-01,0,0,0,0,0,0,0,0,0.0,0.0,0.0,0.0,0.0,0.0,0.0,0.0,0.0,0.0,0.0,0.0,0.0,0.0,0.0,0.0,0.0,0.0,0.0,0.0,0.0,0.0,0.0,0.0,0.0,0.0,0.0,0.0,0.0,0.0,0.0,0.0,0.0,0.0,0.0,0.0,768.2868050000001,0.0,16.093,434.632514861775,0.0,16.093,3.717842512676513,0.0,0.0,3.8269584106079297,443.446411,90.0,762.872986,83.33812,426.69311500000003,779.188416,0.0,90.0,0.0,16.093,927920.4800035612,0.0,0.0,0.0,0.0,44521.032914294934,89.65473099423619,0.0,97.862358,0.0,-422.0,90.0,42014720.0,0.0,0.0,2.453496935341814,3.522723489262527,0.0,0.0,0.0,0.0,0.0,0.0,1.0,0.0,76.0,347.0,1.0,1.0,1.0,0.0,181.0,1.0,586.0,0.0,75.0
3,11,2020-05-01,0,0,0,0,0,0,0,0,0.0,0.0,0.0,0.0,0.0,0.0,0.0,0.0,0.0,0.0,0.0,0.0,0.0,0.0,0.0,0.0,0.0,0.0,0.0,0.0,0.0,0.0,0.0,0.0,0.0,0.0,0.0,0.0,0.0,0.0,0.0,0.0,0.0,0.0,0.0,0.0,769.0342521093748,0.0,16.093,437.8226565055816,0.0,16.093,7.307206329806895,0.0,1.44,4.084619748096748,463.76886,90.0,763.022583,82.202118,426.68222,778.85614,0.0,90.0,0.0,16.093,930412.9317481883,0.0,0.0,0.0,0.0,44785.603669738346,89.96938083597884,0.0,100.64733899999999,1.44,-422.0,90.0,42015288.0,1.44,0.0,3.075339359125523,3.498252039287498,0.0,0.0,0.0,0.0,0.0,0.0,1.0,0.0,64.0,378.0,1.0,1.0,1.0,0.0,182.0,1.0,627.0,0.0,78.0
4,12,2020-05-01,0,0,0,0,0,0,0,0,0.0,0.0,0.0,0.0,0.0,0.0,0.0,0.0,0.0,0.0,0.0,0.0,0.0,0.0,0.0,0.0,0.0,0.0,0.0,0.0,0.0,0.0,0.0,0.0,0.0,0.0,0.0,0.0,0.0,0.0,0.0,0.0,0.0,0.0,0.0,0.0,768.6862855974024,0.0,16.093,442.570992607937,0.4,16.093,6.260807893164257,0.4,1.44,3.614208373178481,462.000763,67.5,763.291504,84.598129,427.764313,774.875183,0.0,67.5,0.0,16.093,930168.2637188911,0.4,0.0,0.0,0.0,44754.969558437326,90.87981026329781,0.0,96.480942,1.44,-422.0,67.5,42015864.0,1.44,0.0,2.020403507291203,3.4967537872482106,0.0,0.0,0.0,0.0,0.0,0.0,1.0,0.0,77.0,376.0,1.0,1.0,1.0,0.0,152.0,1.0,630.0,0.0,60.0
5,13,2020-05-01,0,0,0,0,0,0,0,0,0.0,0.0,0.0,0.0,0.0,0.0,0.0,0.0,0.0,0.0,0.0,0.0,0.0,0.0,0.0,0.0,0.0,0.0,0.0,0.0,0.0,0.0,0.0,0.0,0.0,0.0,0.0,0.0,0.0,0.0,0.0,0.0,0.0,0.0,0.0,0.0,769.1633242465751,0.0,16.093,443.2553518210116,0.0,16.093,4.367144337560402,0.0,1.44,3.629175893783561,454.390167,90.0,763.862732,65.06617,431.116516,774.654785,0.0,90.0,0.0,16.093,937813.1046340447,0.0,0.0,0.0,0.0,45483.513164181706,93.85023521568623,0.0,120.10603299999998,1.44,-422.0,90.0,42016436.0,1.44,0.0,7.965194958734046,3.4434826036290995,0.0,0.0,0.0,0.0,0.0,0.0,1.0,0.0,73.0,459.0,1.0,1.0,1.0,0.0,149.0,1.0,514.0,0.0,103.0
6,14,2020-05-01,0,0,0,0,0,0,0,0,0.0,0.0,0.0,0.0,0.0,0.0,0.0,0.0,0.0,0.0,0.0,0.0,0.0,0.0,0.0,0.0,0.0,0.0,0.0,0.0,0.0,0.0,0.0,0.0,0.0,0.0,0.0,0.0,0.0,0.0,0.0,0.0,0.0,0.0,0.0,0.0,772.0024072599999,0.0,16.093,440.6946494999995,0.0,16.093,3.980417869604823,0.0,1.44,4.983508481956904,457.679504,112.5,762.332947,46.549774,430.737732,787.445679,0.0,112.5,72.0,16.093,932244.8374859956,0.0,0.0,0.0,72.0,44965.18782312168,81.04224725032084,0.0,109.70726,1.44,-422.0,112.5,42016976.0,1.44,72.0,10.3089237638149,3.637090061594806,0.0,0.0,0.0,0.0,0.0,0.0,1.0,0.0,100.0,779.0,1.0,1.0,1.0,0.0,172.0,1.0,552.0,0.0,83.0
7,15,2020-05-01,0,0,0,0,0,0,0,0,0.0,0.0,0.0,0.0,0.0,0.0,0.0,0.0,0.0,0.0,0.0,0.0,0.0,0.0,0.0,0.0,0.0,0.0,0.0,0.0,0.0,0.0,0.0,0.0,0.0,0.0,0.0,0.0,0.0,0.0,0.0,0.0,0.0,0.0,0.0,0.0,784.2571060695648,0.0,16.093,442.2988084902436,0.0,16.093,4.062633773389276,0.0,4.68,10.46814498657008,460.05490100000003,67.5,765.786743,29.707737,433.293915,815.8255,0.0,67.5,160.0,16.093,931224.3864581861,0.0,0.0,0.0,160.0,44870.95206563818,71.4158820117097,0.0,105.12268099999999,4.68,-422.0,67.5,42017540.0,4.68,160.0,13.88628398983246,3.7288163808889627,0.0,0.0,0.0,0.0,0.0,0.0,1.0,0.0,115.0,854.0,1.0,1.0,1.0,0.0,166.0,1.0,410.0,0.0,84.0
8,16,2020-05-01,0,0,0,0,0,0,0,0,0.0,0.0,0.0,0.0,0.0,0.0,0.0,0.0,0.0,0.0,0.0,0.0,0.0,0.0,0.0,0.0,0.0,0.0,0.0,0.0,0.0,0.0,0.0,0.0,0.0,0.0,0.0,0.0,0.0,0.0,0.0,0.0,0.0,0.0,0.0,0.0,805.1435331764702,0.0,16.093,442.4490041635876,0.0,16.093,3.7686206145955565,0.0,4.68,7.8752678981648865,453.71694899999994,135.0,784.881531,54.416496,433.03784200000007,819.7734379999999,0.0,135.0,165.0,16.093,932867.8434216988,0.0,0.0,0.0,165.0,45042.16512437848,83.15553727283644,0.0,109.088219,4.68,-422.0,135.0,42018088.0,4.68,165.0,10.56067772020473,3.6136174463126354,0.0,0.0,0.0,0.0,0.0,0.0,1.0,0.0,85.0,832.0,1.0,1.0,1.0,0.0,181.0,1.0,379.0,0.0,67.0
9,17,2020-05-01,0,0,0,0,0,0,0,0,0.0,0.0,0.0,0.0,0.0,0.0,0.0,0.0,0.0,0.0,0.0,0.0,0.0,0.0,0.0,0.0,0.0,0.0,0.0,0.0,0.0,0.0,0.0,0.0,0.0,0.0,0.0,0.0,0.0,0.0,0.0,0.0,0.0,0.0,0.0,0.0,793.8519671025638,0.0,16.093,441.48776364048337,0.0,16.093,3.652490664096053,0.0,3.2400000000000007,6.496509622224997,450.349854,135.0,782.434082,24.726059,430.01828,809.4798580000001,0.0,135.0,586.0,16.093,937924.8675146559,0.0,0.0,0.0,586.0,45524.41244984825,72.4931260165289,0.0,105.914864,3.2400000000000007,-422.0,135.0,42018604.0,3.2400000000000007,586.0,16.166624534476686,3.5122357249875145,0.0,0.0,0.0,0.0,0.0,0.0,1.0,0.0,78.0,847.0,1.0,1.0,1.0,0.0,158.0,1.0,331.0,0.0,86.0
10,18,2020-05-01,0,0,0,0,0,0,0,0,0.0,0.0,0.0,0.0,0.0,0.0,0.0,0.0,0.0,0.0,0.0,0.0,0.0,0.0,0.0,0.0,0.0,0.0,0.0,0.0,0.0,0.0,0.0,0.0,0.0,0.0,0.0,0.0,0.0,0.0,0.0,0.0,0.0,0.0,0.0,0.0,797.330421,0.0,16.093,441.50985030503955,0.0,16.093,3.934610371087289,0.0,0.0,5.080193122328759,454.584869,180.0,786.319092,71.605476,432.165771,812.5236820000001,0.0,180.0,373.0,16.093,926570.8711137661,0.0,0.0,0.0,373.0,44475.418564033214,737.9153058685116,0.0,1209.432617,0.0,-422.0,180.0,42019184.0,0.0,373.0,531.4237397904325,4.359580489429,0.0,0.0,0.0,0.0,0.0,0.0,1.0,0.0,89.0,578.0,1.0,1.0,1.0,0.0,175.0,1.0,377.0,0.0,59.0
11,19,2020-05-01,0,0,0,0,0,0,0,0,0.0,0.0,0.0,0.0,0.0,0.0,0.0,0.0,0.0,0.0,0.0,0.0,0.0,0.0,0.0,0.0,0.0,0.0,0.0,0.0,0.0,0.0,0.0,0.0,0.0,0.0,0.0,0.0,0.0,0.0,0.0,0.0,0.0,0.0,0.0,0.0,795.780706369748,0.0,16.093,440.74369126071406,0.0,16.093,3.701871099481113,0.0,1.44,5.045073600169946,447.63336200000003,157.5,784.341614,24.717121,432.567383,806.544617,0.0,157.5,627.0,16.093,938746.2309895686,0.0,0.0,0.0,627.0,45625.82429561166,469.06091735445244,0.0,1174.932495,1.44,-422.0,157.5,42019760.0,1.44,627.0,515.8880388335427,4.093224571333445,0.0,0.0,0.0,0.0,0.0,0.0,1.0,0.0,119.0,584.0,1.0,1.0,1.0,0.0,149.0,1.0,280.0,0.0,99.0
12,2,2020-05-01,0,0,0,0,0,0,0,0,0.0,0.0,0.0,0.0,0.0,0.0,0.0,0.0,0.0,0.0,0.0,0.0,0.0,0.0,0.0,0.0,0.0,0.0,0.0,0.0,0.0,0.0,0.0,0.0,0.0,0.0,0.0,0.0,0.0,0.0,0.0,0.0,0.0,0.0,0.0,0.0,773.9282820769229,0.0,16.093,441.5344587756812,0.0,16.093,3.616118574739918,0.0,1.44,3.7999380070567823,449.96392799999995,180.0,768.500488,69.965279,432.1022950000001,784.093811,0.0,180.0,247.0,16.093,942945.1964500635,0.0,0.0,0.0,247.0,46062.339363416475,85.71134881360548,0.0,106.27288099999998,1.44,-422.0,180.0,42010356.0,1.44,247.0,6.326780272355108,3.5500249708673213,0.0,0.0,0.0,0.0,0.0,0.0,1.0,0.0,78.0,735.0,1.0,1.0,1.0,0.0,169.0,1.0,477.0,0.0,87.0
13,20,2020-05-01,0,0,0,0,0,0,0,0,0.0,0.0,0.0,0.0,0.0,0.0,0.0,0.0,0.0,0.0,0.0,0.0,0.0,0.0,0.0,0.0,0.0,0.0,0.0,0.0,0.0,0.0,0.0,0.0,0.0,0.0,0.0,0.0,0.0,0.0,0.0,0.0,0.0,0.0,0.0,0.0,785.8901372031252,0.0,16.093,437.898766948403,0.0,16.093,4.538619606959047,0.0,1.44,13.19716294836379,463.360962,225.0,768.746033,68.396233,426.95773299999996,816.363831,0.0,225.0,819.0,16.093,940426.0792443019,0.0,0.0,0.0,819.0,45784.335236277206,80.73717210505046,0.0,91.639481,1.44,-562.531128,225.0,42020284.0,1.44,819.0,4.841423561319314,3.551523222906609,0.0,0.0,0.0,0.0,0.0,0.0,1.0,0.0,128.0,495.0,1.0,1.0,1.0,0.0,172.0,1.0,407.0,0.0,92.0
14,21,2020-05-01,0,0,0,0,0,0,0,0,0.0,0.0,0.0,0.0,0.0,0.0,0.0,0.0,0.0,0.0,0.0,0.0,0.0,0.0,0.0,0.0,0.0,0.0,0.0,0.0,0.0,0.0,0.0,0.0,0.0,0.0,0.0,0.0,0.0,0.0,0.0,0.0,0.0,0.0,0.0,0.0,773.5025841279071,0.0,16.093,441.6207289465646,0.0,16.093,10.522721085098487,0.0,1.44,3.73181738098899,465.316803,225.0,763.47644,42.426018,426.29657,779.662292,0.0,225.0,536.0,16.093,937621.7609392464,0.0,0.0,0.0,536.0,45511.873644075065,68.73848776068381,0.0,83.28167,1.44,-557.570557,225.0,42020804.0,1.44,536.0,7.573743295447014,3.568170467787581,0.0,0.0,0.0,0.0,0.0,0.0,1.0,0.0,86.0,468.0,1.0,1.0,1.0,0.0,151.0,1.0,393.0,0.0,118.0
15,22,2020-05-01,0,0,0,0,0,0,0,0,0.0,0.0,0.0,0.0,0.0,0.0,0.0,0.0,0.0,0.0,0.0,0.0,0.0,0.0,0.0,0.0,0.0,0.0,0.0,0.0,0.0,0.0,0.0,0.0,0.0,0.0,0.0,0.0,0.0,0.0,0.0,0.0,0.0,0.0,0.0,0.0,776.0885797236845,0.0,16.093,437.38489775342464,0.0,16.093,3.564172892937551,0.0,1.44,3.6290730269609233,445.13479600000005,247.5,769.402039,46.898991,428.7831729999999,784.763916,0.0,247.5,580.0,16.093,942201.3301142128,0.0,0.0,0.0,580.0,45985.59021842685,69.56459148034932,0.0,83.277809,1.44,-422.0,247.5,42021348.0,1.44,580.0,6.394812583416602,3.4794406525719994,0.0,0.0,0.0,0.0,0.0,0.0,1.0,0.0,76.0,458.0,1.0,1.0,1.0,0.0,174.0,1.0,365.0,0.0,95.0
16,23,2020-05-01,0,0,0,0,0,0,0,0,0.0,0.0,0.0,0.0,0.0,0.0,0.0,0.0,0.0,0.0,0.0,0.0,0.0,0.0,0.0,0.0,0.0,0.0,0.0,0.0,0.0,0.0,0.0,0.0,0.0,0.0,0.0,0.0,0.0,0.0,0.0,0.0,0.0,0.0,0.0,0.0,777.4984928977276,0.0,16.093,437.72710928877,0.0,16.093,3.5748471275056963,0.0,1.44,3.2166017705308185,447.970642,225.0,770.050232,50.999451,428.87103299999995,785.872742,0.0,225.0,457.0,16.093,945875.3257302681,0.0,0.0,0.0,457.0,46319.03772999811,68.30623974010322,0.0,86.158272,1.44,-422.0,225.0,42021860.0,1.44,457.0,5.821744738945494,3.453304478108873,0.0,0.0,0.0,0.0,0.0,0.0,1.0,0.0,88.0,581.0,1.0,1.0,1.0,0.0,153.0,1.0,374.0,0.0,93.0
17,3,2020-05-01,0,0,0,0,0,0,0,0,0.0,0.0,0.0,0.0,0.0,0.0,0.0,0.0,0.0,0.0,0.0,0.0,0.0,0.0,0.0,0.0,0.0,0.0,0.0,0.0,0.0,0.0,0.0,0.0,0.0,0.0,0.0,0.0,0.0,0.0,0.0,0.0,0.0,0.0,0.0,0.0,772.6421751538463,0.0,16.093,440.47760516817385,0.0,16.093,3.6938731984619957,0.0,1.44,3.9897146044564367,449.41296399999993,157.5,763.81604,69.165787,431.05004900000006,783.791931,0.0,157.5,42.0,16.093,928330.9020640485,0.0,0.0,0.0,42.0,44669.20259306298,80.15278057968128,0.0,97.750778,1.44,-422.0,157.5,42010892.0,1.44,42.0,4.811649363460118,3.6086232728483436,0.0,0.0,0.0,0.0,0.0,0.0,1.0,0.0,78.0,502.0,1.0,1.0,1.0,0.0,166.0,1.0,553.0,0.0,116.0
18,4,2020-05-01,0,0,0,0,0,0,0,0,0.0,0.0,0.0,0.0,0.0,0.0,0.0,0.0,0.0,0.0,0.0,0.0,0.0,0.0,0.0,0.0,0.0,0.0,0.0,0.0,0.0,0.0,0.0,0.0,0.0,0.0,0.0,0.0,0.0,0.0,0.0,0.0,0.0,0.0,0.0,0.0,771.4418540697671,0.0,16.093,439.7117701513513,0.0,16.093,3.579123836334223,0.0,1.44,3.160783738105622,447.56790199999995,135.0,762.999268,71.189407,431.521912,779.285278,0.0,135.0,0.0,16.093,941876.1911452563,0.0,0.0,0.0,0.0,45965.56228248532,82.07395832152591,0.0,94.297241,1.44,-422.0,135.0,42011420.0,1.44,0.0,5.3362003470368675,3.4794406525719994,0.0,0.0,0.0,0.0,0.0,0.0,1.0,0.0,86.0,367.0,1.0,1.0,1.0,0.0,142.0,1.0,555.0,0.0,114.0
19,5,2020-05-01,0,0,0,0,0,0,0,0,0.0,0.0,0.0,0.0,0.0,0.0,0.0,0.0,0.0,0.0,0.0,0.0,0.0,0.0,0.0,0.0,0.0,0.0,0.0,0.0,0.0,0.0,0.0,0.0,0.0,0.0,0.0,0.0,0.0,0.0,0.0,0.0,0.0,0.0,0.0,0.0,770.7296332555557,0.0,16.093,436.1093471968645,0.0,16.093,3.692826614545292,0.0,3.24,3.3701828204482775,444.221924,135.0,761.62262,86.427475,425.883484,778.21405,0.0,135.0,0.0,16.093,934093.6653167113,0.0,0.0,0.0,0.0,45223.68369612158,94.5197914459835,0.0,105.592247,3.24,-422.0,135.0,42011952.0,3.24,0.0,3.57932251952419,3.4709505576827033,0.0,0.0,0.0,0.0,0.0,0.0,1.0,0.0,90.0,361.0,1.0,1.0,1.0,0.0,165.0,1.0,574.0,0.0,62.0
20,6,2020-05-01,0,0,0,0,0,0,0,0,0.0,0.0,0.0,0.0,0.0,0.0,0.0,0.0,0.0,0.0,0.0,0.0,0.0,0.0,0.0,0.0,0.0,0.0,0.0,0.0,0.0,0.0,0.0,0.0,0.0,0.0,0.0,0.0,0.0,0.0,0.0,0.0,0.0,0.0,0.0,0.0,770.2420679894739,0.0,16.093,435.67191594684374,0.0,16.093,3.8022873150763496,0.0,0.0,3.202736787582036,446.544861,135.0,762.246521,60.341335,424.96237199999996,778.36377,0.0,135.0,0.0,16.093,945598.4356338106,0.0,0.0,0.0,0.0,46337.783207194996,85.89279395131085,0.0,93.423347,0.0,-422.0,135.0,42012488.0,0.0,0.0,5.722858847376042,3.386216081238555,0.0,0.0,0.0,0.0,0.0,0.0,1.0,0.0,95.0,267.0,1.0,1.0,1.0,0.0,163.0,1.0,602.0,0.0,99.0
21,7,2020-05-01,0,0,0,0,0,0,0,0,0.0,0.0,0.0,0.0,0.0,0.0,0.0,0.0,0.0,0.0,0.0,0.0,0.0,0.0,0.0,0.0,0.0,0.0,0.0,0.0,0.0,0.0,0.0,0.0,0.0,0.0,0.0,0.0,0.0,0.0,0.0,0.0,0.0,0.0,0.0,0.0,770.7829615070425,0.0,16.093,434.8574861944442,0.0,16.093,3.886503460941882,0.0,0.0,3.240519282188413,456.0303339999999,112.5,762.659546,82.501678,426.1884160000001,778.510559,0.0,112.5,0.0,16.093,937005.3640280458,0.0,0.0,0.0,0.0,45722.08451605742,88.21309598958335,0.0,93.29509,0.0,-422.0,112.5,42013040.0,0.0,0.0,2.215501274993825,3.443815548526719,0.0,0.0,0.0,0.0,0.0,0.0,1.0,0.0,71.0,288.0,1.0,1.0,1.0,0.0,150.0,1.0,612.0,0.0,44.0
22,8,2020-05-01,0,0,0,0,0,0,0,0,0.0,0.0,0.0,0.0,0.0,0.0,0.0,0.0,0.0,0.0,0.0,0.0,0.0,0.0,0.0,0.0,0.0,0.0,0.0,0.0,0.0,0.0,0.0,0.0,0.0,0.0,0.0,0.0,0.0,0.0,0.0,0.0,0.0,0.0,0.0,0.0,771.1274427142852,0.0,16.093,434.28237906588555,0.0,16.093,3.6581891472254804,0.0,1.44,3.0638267246718773,444.72500600000006,67.5,763.457642,84.413887,425.907135,778.490417,0.0,67.5,0.0,16.093,925136.9272907472,0.0,0.0,0.0,0.0,44238.517051913506,90.63240438947369,0.0,99.495522,1.44,-422.0,67.5,42013592.0,1.44,0.0,2.394797814584484,3.5307141668053936,0.0,0.0,0.0,0.0,0.0,0.0,1.0,0.0,91.0,380.0,1.0,1.0,1.0,0.0,183.0,1.0,683.0,0.0,75.0
23,9,2020-05-01,0,0,0,0,0,0,0,0,0.0,0.0,0.0,0.0,0.0,0.0,0.0,0.0,0.0,0.0,0.0,0.0,0.0,0.0,0.0,0.0,0.0,0.0,0.0,0.0,0.0,0.0,0.0,0.0,0.0,0.0,0.0,0.0,0.0,0.0,0.0,0.0,0.0,0.0,0.0,0.0,771.0962662535212,0.0,16.093,434.98874556481434,0.0,16.093,3.704012845265068,0.0,1.44,3.8973660637791556,444.656647,90.0,763.769531,84.666634,425.994476,784.2926030000001,0.0,90.0,0.0,16.093,924512.5826185351,0.0,0.0,0.0,0.0,44202.57998865894,92.38898562217189,0.0,103.43638600000001,1.44,-422.0,90.0,42014160.0,1.44,0.0,3.206145909183681,3.5278841351756283,0.0,0.0,0.0,0.0,0.0,0.0,1.0,0.0,71.0,442.0,1.0,1.0,1.0,0.0,168.0,1.0,648.0,0.0,95.0
24,0,2020-03-16,0,0,0,0,0,0,0,0,0.0,0.0,0.0,0.0,0.0,0.0,0.0,0.0,0.0,0.0,0.0,0.0,0.0,0.0,0.0,0.0,0.0,0.0,0.0,0.0,0.0,0.0,0.0,0.0,0.0,0.0,0.0,0.0,0.0,0.0,0.0,0.0,0.0,0.0,0.0,0.0,0.0,0.0,0.0,0.0,0.0,0.0,0.0,0.0,0.0,0.0,0.0,0.0,0.0,0.0,0.0,0.0,0.0,0.0,0.0,0.0,0.0,0.0,0.0,0.0,0.0,21.946655,0.0,0.0,0.0,0.0,21.946655,0.0,21.946655,0.0,0.0,0.0,0.000998834692858332,0.0,0.0,0.0,0.0,0.0,0.0,0.0,0.0,0.0,0.0,0.0,0.0,0.0,0.0,0.0,0.0,0.0,0.0,0.0
25,1,2020-03-16,0,0,0,0,0,0,0,0,0.0,0.0,0.0,0.0,0.0,0.0,0.0,0.0,0.0,0.0,0.0,0.0,0.0,0.0,0.0,0.0,0.0,0.0,0.0,0.0,0.0,0.0,0.0,0.0,0.0,0.0,0.0,0.0,0.0,0.0,0.0,0.0,0.0,0.0,0.0,0.0,0.0,0.0,0.0,0.0,0.0,0.0,0.0,0.0,0.0,0.0,0.0,0.0,0.0,0.0,0.0,0.0,0.0,0.0,0.0,0.0,1.9243861552517187,0.0,0.0,0.0,0.0,20.0411455,0.0,0.0,0.0,0.0,18.680399,0.0,21.401892,0.0,0.0,0.0,0.000665889795238888,0.0,0.0,0.0,0.0,0.0,0.0,0.0,0.0,0.0,0.0,0.0,0.0,0.0,0.0,0.0,0.0,0.0,0.0,0.0
26,10,2020-03-16,0,0,0,0,0,0,0,0,0.0,0.0,0.0,0.0,0.0,0.0,0.0,0.0,0.0,0.0,0.0,0.0,0.0,0.0,0.0,0.0,0.0,0.0,0.0,0.0,0.0,0.0,0.0,0.0,0.0,0.0,0.0,0.0,0.0,0.0,0.0,0.0,0.0,0.0,0.0,0.0,0.0,0.0,0.0,0.0,0.0,0.0,0.0,0.0,0.0,0.0,0.0,0.0,0.0,0.0,0.0,0.0,0.0,0.0,0.0,0.0,241.87212447685852,0.0,0.0,0.0,0.0,217.44329962499998,0.0,0.0,0.0,0.0,20.1,0.0,595.264465,0.0,0.0,0.0,0.001331779590477776,0.0,0.0,0.0,0.0,0.0,0.0,0.0,0.0,0.0,0.0,0.0,0.0,0.0,0.0,0.0,0.0,0.0,0.0,0.0
27,11,2020-03-16,0,0,0,0,0,0,0,0,0.0,0.0,0.0,0.0,0.0,0.0,0.0,0.0,0.0,0.0,0.0,0.0,0.0,0.0,0.0,0.0,0.0,0.0,0.0,0.0,0.0,0.0,0.0,0.0,0.0,0.0,0.0,0.0,0.0,0.0,0.0,0.0,0.0,0.0,0.0,0.0,0.0,0.0,0.0,0.0,0.0,0.0,0.0,0.0,0.0,0.0,0.0,0.0,0.0,0.0,0.0,0.0,0.0,0.0,0.0,0.0,225.3748447899376,0.0,0.0,0.0,0.0,118.102257,0.0,0.0,0.0,0.0,17.632545,0.0,577.807129,0.0,0.0,0.0,0.000998834692858332,0.0,0.0,0.0,0.0,0.0,0.0,0.0,0.0,0.0,0.0,0.0,0.0,0.0,0.0,0.0,0.0,0.0,0.0,0.0
28,12,2020-03-16,0,0,0,0,0,0,0,0,0.0,0.0,0.0,0.0,0.0,0.0,0.0,0.0,0.0,0.0,0.0,0.0,0.0,0.0,0.0,0.0,0.0,0.0,0.0,0.0,0.0,0.0,0.0,0.0,0.0,0.0,0.0,0.0,0.0,0.0,0.0,0.0,0.0,0.0,0.0,0.0,0.0,0.0,0.0,0.0,0.0,0.0,0.0,0.0,0.0,0.0,0.0,0.0,0.0,0.0,0.0,0.0,0.0,0.0,0.0,0.0,13.253279931265654,0.0,0.0,0.0,0.0,21.693722125,0.0,0.0,0.0,0.0,0.0,0.0,48.0,0.0,0.0,0.0,0.00166472448809722,0.0,0.0,0.0,0.0,0.0,0.0,0.0,0.0,0.0,0.0,0.0,0.0,0.0,0.0,0.0,0.0,0.0,0.0,0.0
29,13,2020-03-16,0,0,0,0,0,0,0,0,0.0,0.0,0.0,0.0,0.0,0.0,0.0,0.0,0.0,0.0,0.0,0.0,0.0,0.0,0.0,0.0,0.0,0.0,0.0,0.0,0.0,0.0,0.0,0.0,0.0,0.0,0.0,0.0,0.0,0.0,0.0,0.0,0.0,0.0,0.0,0.0,0.0,0.0,0.0,0.0,0.0,0.0,0.0,0.0,0.0,0.0,0.0,0.0,0.0,0.0,0.0,0.0,0.0,0.0,0.0,0.0,25.90591641250714,0.0,0.0,0.0,0.0,25.135183764705882,0.0,0.0,0.0,0.0,0.0,0.0,90.0,0.0,0.0,0.0,0.015648410188113866,0.0,0.0,0.0,0.0,0.0,0.0,0.0,0.0,0.0,0.0,0.0,0.0,0.0,0.0,0.0,0.0,0.0,0.0,0.0
30,14,2020-03-16,0,0,0,0,0,0,0,0,0.0,0.0,0.0,0.0,0.0,0.0,0.0,0.0,0.0,0.0,0.0,0.0,0.0,0.0,0.0,0.0,0.0,0.0,0.0,0.0,0.0,0.0,0.0,0.0,0.0,0.0,0.0,0.0,0.0,0.0,0.0,0.0,0.0,0.0,0.0,0.0,0.0,0.0,0.0,0.0,0.0,0.0,0.0,0.0,0.0,0.0,0.0,0.0,0.0,0.0,0.0,0.0,0.0,0.0,0.0,0.0,60.58174645145084,0.0,0.0,0.0,0.0,37.459415906249994,0.0,0.0,0.0,0.0,0.0,0.0,397.933258,0.0,0.0,0.0,0.01947727651073747,0.0,0.0,0.0,0.0,0.0,0.0,0.0,0.0,0.0,0.0,0.0,0.0,0.0,0.0,0.0,0.0,0.0,0.0,0.0
31,15,2020-03-16,0,0,0,0,0,0,0,0,0.0,0.0,0.0,0.0,0.0,0.0,0.0,0.0,0.0,0.0,0.0,0.0,0.0,0.0,0.0,0.0,0.0,0.0,0.0,0.0,0.0,0.0,0.0,0.0,0.0,0.0,0.0,0.0,0.0,0.0,0.0,0.0,0.0,0.0,0.0,0.0,0.0,0.0,0.0,0.0,0.0,0.0,0.0,0.0,0.0,0.0,0.0,0.0,0.0,0.0,0.0,0.0,0.0,0.0,0.0,0.0,49.032451864591884,0.0,0.0,0.0,0.0,33.12969314044945,0.0,0.0,0.0,0.0,0.0,0.0,430.57135,0.0,0.0,0.0,0.040619277509572164,0.0,0.0,0.0,0.0,0.0,0.0,0.0,0.0,0.0,0.0,0.0,0.0,0.0,0.0,0.0,0.0,0.0,0.0,0.0
32,16,2020-03-16,0,0,0,0,0,0,0,0,223.7493515,3215.000244,4.3297783333333335,35.36412,33.221086299999996,19.898204,10.570488999999998,0.0,0.0,0.2753608156228968,83.18191371464572,0.1306159608253655,19.685632540477254,15.28296346040051,0.07437914809944934,0.5872929165354083,0.0,0.0,223.944061,3400.000244,4.41835,65.637268,55.998123,19.950798,11.11726,0.0,0.0,223.554642,3130.000244,4.179772,4.977746,10.503619,19.84561,9.783947,0.0,0.0,779.8446545641026,0.0,16.093,458.08867788888887,0.0,16.093,3.4567662937287778,0.0,1.44,4.243501374700844,465.397858,90.0,772.5227659999999,939.747131,452.95544399999994,788.724426,0.0,90.0,192.0,16.093,1154996.7038832025,0.0,0.0,0.0,192.0,64380.26830904872,975.9491423743009,0.0,1013.983765,1.44,-422.0,90.0,41389256.0,1.44,192.0,14.655999605884194,2.037123356084568,2.0,14.0,0.0,3.0,13.0,10.0,1.0,0.0,39.0,179.0,1.0,1.0,1.0,2.0,0.0,1.0,54.0,4.0,0.0
33,17,2020-03-16,0,0,0,0,0,0,0,0,226.22085833333335,3694.8839649302304,4.165371,0.0,2.9276905,20.012278666666663,10.783932,0.0,0.0,1.8949452242076663,206.1364792122332,0.0,0.0,3.5780939559855747,0.0391963641766256,0.0,0.0,0.0,229.433868,4020.000244,4.165371,0.0,5.457785,20.047781,10.783932,0.0,0.0,223.818375,3410.000244,4.165371,0.0,0.397596,19.941,10.783932,0.0,0.0,783.8438216907217,0.0,16.093,461.35375797233183,0.0,16.093,3.933113169255951,0.0,0.0,3.9309750577529856,471.33920299999994,67.5,778.02301,999.217896,451.950623,794.391663,0.0,67.5,365.0,16.093,884598.0730839527,0.0,0.0,0.0,365.0,40776.391126656905,1049.1805825230772,0.0,1090.196655,0.0,-422.0,67.5,41389924.0,0.0,365.0,25.805450172459715,4.074746129515566,6.0,43.0,0.0,1.0,0.0,2.0,1.0,0.0,97.0,845.0,1.0,1.0,1.0,6.0,0.0,1.0,253.0,6.0,0.0
34,18,2020-03-16,0,0,0,0,0,0,0,0,228.66060383333334,4328.889354296293,4.2738059999999995,0.0,0.0,20.023277333333333,18.727910333333334,2.978528,458.31353766666666,1.9925265940195986,166.2990021221997,0.12244889877822457,0.0,0.0,0.05881216258450724,11.223736690186627,0.2722575103931939,8.29942029460984,230.557236,4610.000488,4.413037,0.0,0.0,20.105473,30.333389,3.330674,468.792145,225.075378,4030.000244,4.102398,0.0,0.0,19.941,4.041332,2.646379,448.576935,779.4951266666669,0.0,16.093,464.43814541568645,0.0,16.093,3.670796343016313,0.0,3.24,3.9227578381994825,471.547028,247.5,772.672119,1009.161072,454.59069800000003,789.091858,0.0,247.5,498.0,16.093,880514.0290479857,0.0,0.0,0.0,498.0,40401.08173120523,1064.5249111452993,0.0,1090.494873,3.24,-422.0,247.5,41390584.0,3.24,498.0,15.719933971637815,3.907607790910604,6.0,54.0,5.0,6.0,0.0,0.0,1.0,6.0,84.0,819.0,1.0,1.0,1.0,6.0,0.0,1.0,255.0,6.0,0.0
35,19,2020-03-16,0,0,0,0,0,0,0,0,226.36723099999998,4951.538949538458,4.382281666666667,0.0,0.0,20.046097333333332,28.701242500000003,1.8044721666666668,461.74625666666674,1.069696571912046,169.54824191020586,0.0954780929379444,0.0,0.0,0.040027578226351744,0.7164896532058915,0.676931795646036,4.06772875730138,227.340851,5230.000488,4.501814,0.0,0.0,20.091812,29.416981,2.662679,468.037354,224.450455,4630.000488,4.256902,0.0,0.0,19.977898,27.664093,1.039244,457.584717,782.2832486689654,0.0,16.093,462.57658217404133,0.0,16.093,3.8364960227376206,0.0,4.68,12.802316430766426,471.776611,247.5,761.801758,992.8438109999998,452.9843139999999,827.071472,0.0,247.5,593.0,16.093,856878.5127396365,0.0,0.0,0.0,593.0,38262.87456322269,1072.7609278140694,0.0,1137.283325,4.68,-422.0,247.5,41391240.0,4.68,593.0,34.18928917526466,4.384717829199268,6.0,52.0,6.0,6.0,0.0,0.0,1.0,6.0,145.0,995.0,1.0,1.0,1.0,6.0,0.0,1.0,339.0,6.0,0.0
36,2,2020-03-16,0,0,0,0,0,0,0,0,0.0,0.0,0.0,0.0,0.0,0.0,0.0,0.0,0.0,0.0,0.0,0.0,0.0,0.0,0.0,0.0,0.0,0.0,0.0,0.0,0.0,0.0,0.0,0.0,0.0,0.0,0.0,0.0,0.0,0.0,0.0,0.0,0.0,0.0,0.0,0.0,0.0,0.0,0.0,0.0,0.0,0.0,0.0,0.0,0.0,0.0,0.0,0.0,0.0,0.0,0.0,0.0,0.0,0.0,0.0,0.0,3.0584227829394357,0.0,0.0,0.0,0.0,21.917627999999997,0.0,0.0,0.0,0.0,18.415205,0.0,24.060917,0.0,0.0,0.0,0.001331779590477776,0.0,0.0,0.0,0.0,0.0,0.0,0.0,0.0,0.0,0.0,0.0,0.0,0.0,0.0,0.0,0.0,0.0,0.0,0.0
37,20,2020-03-16,0,0,0,0,0,0,0,0,226.75183600000003,5500.417154666663,4.308076,0.0,0.0,19.997862833333333,29.24961483333334,0.6065838333333333,534.2038473333333,2.4926064305712594,170.54304171678766,0.05724307122787879,0.0,0.0,0.05969211550419985,0.48840226078895976,0.3014165239116241,113.31173658031207,231.065628,5790.000488,4.40305,0.0,0.0,20.086567,30.016972,1.048828,683.049866,223.911407,5240.000488,4.247383,0.0,0.0,19.941,28.537563,0.209835,458.340698,773.1600065462966,0.0,16.093,461.6132313742333,0.0,16.093,3.568042075918637,0.0,3.2399999999999998,3.9719569257549185,470.050446,247.5,765.998291,975.2511599999999,453.40075699999994,782.8743290000001,0.0,247.5,642.0,16.093,873376.3679935487,0.0,0.0,0.0,642.0,39740.84882749075,1017.2691600095702,0.0,1041.738403,3.2399999999999998,-422.0,247.5,41391892.0,3.2399999999999998,642.0,10.732692579917577,4.002830031629765,6.0,48.0,6.0,6.0,0.0,0.0,1.0,6.0,108.0,836.0,1.0,1.0,1.0,6.0,0.0,1.0,326.0,6.0,0.0
38,21,2020-03-16,0,0,0,0,0,0,0,0,227.04286950000002,6150.000487999996,4.228564833333333,0.0,0.0,19.958771333333335,29.877859,0.20751016666666666,516.0369516666667,1.3379508556857767,243.31872102244853,0.12321428407034093,0.0,0.0,0.07282509330626989,0.8846622221661776,0.022703821726014907,112.40821212625916,228.792358,6510.000488,4.432645,0.0,0.0,20.069431,31.005127,0.225603,735.860901,225.256546,5800.000488,4.049747,0.0,0.0,19.853678,28.277473,0.167025,445.44986,776.0430191,0.0,16.093,460.5293611373056,0.0,16.093,3.4493373728144685,0.0,7.92,3.9612825128467533,468.596344,247.5,766.5078739999999,911.9641110000001,451.91345200000006,783.294373,0.0,247.5,639.0,16.093,877293.2571402733,0.0,0.0,0.0,639.0,40122.15581791182,985.3276749590567,0.0,1033.655884,7.92,-422.0,247.5,41392536.0,7.92,639.0,29.480631446177387,3.929915099051107,6.0,51.0,6.0,6.0,0.0,0.0,1.0,6.0,120.0,806.0,1.0,1.0,1.0,6.0,0.0,1.0,386.0,6.0,0.0
39,22,2020-03-16,0,0,0,0,0,0,0,0,226.84416199999998,6814.81530281481,3.922553166666667,0.0,0.0,19.99907333333333,31.03362283333333,0.2052501666666667,455.2200571666667,1.5550889054410941,179.78751337359182,0.07747058550809245,0.0,0.0,0.03819687398029706,0.5972064244635756,0.020796972995286288,8.694474868903493,229.143158,7110.000488,4.046429,0.0,0.0,20.036678,32.06694,0.225689,469.958496,225.0159,6520.000488,3.84246,0.0,0.0,19.941,30.266968,0.168589,448.643524,774.6373371764703,0.0,16.093,460.03679507821244,0.0,16.093,3.670956171119803,0.0,4.68,5.34640118989913,469.167145,247.5,760.459473,904.565369,451.774567,792.886475,0.0,247.5,586.0,16.093,851633.5819943572,0.0,0.0,0.0,586.0,37809.05890517678,948.4224523116114,0.0,966.710449,4.68,-422.0,247.5,41393192.0,4.68,586.0,11.842620965994616,4.079573830531047,6.0,54.0,6.0,6.0,0.0,0.0,1.0,6.0,136.0,844.0,1.0,1.0,1.0,6.0,0.0,1.0,358.0,6.0,0.0
40,23,2020-03-16,0,0,0,0,0,0,0,0,228.050532,7448.302374792448,3.977077833333334,0.0,0.0,19.95312583333333,32.43494233333333,0.19851416666666666,478.9619598333333,2.3817920742283936,171.65188216334255,0.21086790410910505,0.0,0.0,0.08749259756668895,0.9930441448450648,0.02026853286665482,6.962271609173291,231.573898,7730.000488,4.240806,0.0,0.0,20.036678,34.458282,0.225995,487.874939,224.578522,7120.000488,3.688763,0.0,0.0,19.84561,32.000275,0.1797,468.814117,776.4074435312502,0.0,16.093,458.2853324404761,0.0,16.093,3.6221012339194973,0.0,4.68,3.8408532623786527,466.332367,247.5,767.361877,868.5305790000001,449.745544,783.761963,0.0,247.5,486.0,16.093,835637.8764776656,0.0,0.0,0.0,486.0,36398.5494784919,910.7223905262425,0.0,932.324158,4.68,-422.0,247.5,41393832.0,4.68,486.0,9.322139409712102,4.1872815049109375,6.0,53.0,6.0,6.0,0.0,0.0,1.0,6.0,128.0,724.0,1.0,1.0,1.0,6.0,0.0,1.0,420.0,6.0,0.0
41,3,2020-03-16,0,0,0,0,0,0,0,0,0.0,0.0,0.0,0.0,0.0,0.0,0.0,0.0,0.0,0.0,0.0,0.0,0.0,0.0,0.0,0.0,0.0,0.0,0.0,0.0,0.0,0.0,0.0,0.0,0.0,0.0,0.0,0.0,0.0,0.0,0.0,0.0,0.0,0.0,0.0,0.0,0.0,0.0,0.0,0.0,0.0,0.0,0.0,0.0,0.0,0.0,0.0,0.0,0.0,0.0,0.0,0.0,0.0,0.0,0.0,0.0,11.257107557031992,0.0,0.0,0.0,0.0,16.29070375,0.0,0.0,0.0,0.0,0.0,0.0,28.845549,0.0,0.0,0.0,0.001498252039287498,0.0,0.0,0.0,0.0,0.0,0.0,0.0,0.0,0.0,0.0,0.0,0.0,0.0,0.0,0.0,0.0,0.0,0.0,0.0
42,4,2020-03-16,0,0,0,0,0,0,0,0,0.0,0.0,0.0,0.0,0.0,0.0,0.0,0.0,0.0,0.0,0.0,0.0,0.0,0.0,0.0,0.0,0.0,0.0,0.0,0.0,0.0,0.0,0.0,0.0,0.0,0.0,0.0,0.0,0.0,0.0,0.0,0.0,0.0,0.0,0.0,0.0,0.0,0.0,0.0,0.0,0.0,0.0,0.0,0.0,0.0,0.0,0.0,0.0,0.0,0.0,0.0,0.0,0.0,0.0,0.0,0.0,35.92163669237912,0.0,0.0,0.0,0.0,47.0292405,0.0,0.0,0.0,0.0,18.0,0.0,95.768021,0.0,0.0,0.0,0.001498252039287498,0.0,0.0,0.0,0.0,0.0,0.0,0.0,0.0,0.0,0.0,0.0,0.0,0.0,0.0,0.0,0.0,0.0,0.0,0.0
43,5,2020-03-16,0,0,0,0,0,0,0,0,0.0,0.0,0.0,0.0,0.0,0.0,0.0,0.0,0.0,0.0,0.0,0.0,0.0,0.0,0.0,0.0,0.0,0.0,0.0,0.0,0.0,0.0,0.0,0.0,0.0,0.0,0.0,0.0,0.0,0.0,0.0,0.0,0.0,0.0,0.0,0.0,0.0,0.0,0.0,0.0,0.0,0.0,0.0,0.0,0.0,0.0,0.0,0.0,0.0,0.0,0.0,0.0,0.0,0.0,0.0,0.0,37.67454194505146,0.0,0.0,0.0,0.0,41.0948135,0.0,0.0,0.0,0.0,20.966562,0.0,97.578629,0.0,0.0,0.0,0.000998834692858332,0.0,0.0,0.0,0.0,0.0,0.0,0.0,0.0,0.0,0.0,0.0,0.0,0.0,0.0,0.0,0.0,0.0,0.0,0.0
44,6,2020-03-16,0,0,0,0,0,0,0,0,0.0,0.0,0.0,0.0,0.0,0.0,0.0,0.0,0.0,0.0,0.0,0.0,0.0,0.0,0.0,0.0,0.0,0.0,0.0,0.0,0.0,0.0,0.0,0.0,0.0,0.0,0.0,0.0,0.0,0.0,0.0,0.0,0.0,0.0,0.0,0.0,0.0,0.0,0.0,0.0,0.0,0.0,0.0,0.0,0.0,0.0,0.0,0.0,0.0,0.0,0.0,0.0,0.0,0.0,0.0,0.0,36.982806260825384,0.0,0.0,0.0,0.0,45.229864500000005,0.0,0.0,0.0,0.0,18.781973,0.0,98.366501,0.0,0.0,0.0,0.000665889795238888,0.0,0.0,0.0,0.0,0.0,0.0,0.0,0.0,0.0,0.0,0.0,0.0,0.0,0.0,0.0,0.0,0.0,0.0,0.0
45,7,2020-03-16,0,0,0,0,0,0,0,0,0.0,0.0,0.0,0.0,0.0,0.0,0.0,0.0,0.0,0.0,0.0,0.0,0.0,0.0,0.0,0.0,0.0,0.0,0.0,0.0,0.0,0.0,0.0,0.0,0.0,0.0,0.0,0.0,0.0,0.0,0.0,0.0,0.0,0.0,0.0,0.0,0.0,0.0,0.0,0.0,0.0,0.0,0.0,0.0,0.0,0.0,0.0,0.0,0.0,0.0,0.0,0.0,0.0,0.0,0.0,0.0,172258.5818817505,0.0,0.0,0.0,0.0,50479.59937657778,0.0,0.0,0.0,0.0,0.0,0.0,1278824.125,0.0,0.0,0.0,0.01498252039287498,0.0,0.0,0.0,0.0,0.0,0.0,0.0,0.0,0.0,0.0,0.0,0.0,0.0,0.0,0.0,0.0,0.0,0.0,0.0
46,8,2020-03-16,0,0,0,0,0,0,0,0,0.0,0.0,0.0,0.0,0.0,0.0,0.0,0.0,0.0,0.0,0.0,0.0,0.0,0.0,0.0,0.0,0.0,0.0,0.0,0.0,0.0,0.0,0.0,0.0,0.0,0.0,0.0,0.0,0.0,0.0,0.0,0.0,0.0,0.0,0.0,0.0,0.0,0.0,0.0,0.0,0.0,0.0,0.0,0.0,0.0,0.0,0.0,0.0,0.0,0.0,0.0,0.0,0.0,0.0,0.0,0.0,3.108328704685735,0.0,0.0,0.0,0.0,22.464436400000004,0.0,0.0,0.0,0.0,17.823328,0.0,25.424177,0.0,0.0,0.0,0.00083236224404861,0.0,0.0,0.0,0.0,0.0,0.0,0.0,0.0,0.0,0.0,0.0,0.0,0.0,0.0,0.0,0.0,0.0,0.0,0.0
47,9,2020-03-16,0,0,0,0,0,0,0,0,0.0,0.0,0.0,0.0,0.0,0.0,0.0,0.0,0.0,0.0,0.0,0.0,0.0,0.0,0.0,0.0,0.0,0.0,0.0,0.0,0.0,0.0,0.0,0.0,0.0,0.0,0.0,0.0,0.0,0.0,0.0,0.0,0.0,0.0,0.0,0.0,0.0,0.0,0.0,0.0,0.0,0.0,0.0,0.0,0.0,0.0,0.0,0.0,0.0,0.0,0.0,0.0,0.0,0.0,0.0,0.0,50.649228977890566,0.0,0.0,0.0,0.0,38.009584800000006,0.0,0.0,0.0,0.0,1.0,0.0,126.563263,0.0,0.0,0.0,0.00083236224404861,0.0,0.0,0.0,0.0,0.0,0.0,0.0,0.0,0.0,0.0,0.0,0.0,0.0,0.0,0.0,0.0,0.0,0.0,0.0
